{
  "loss": [
    0.013227337040007114,
    0.010960034094750881,
    0.0069713834673166275,
    0.00553679745644331,
    0.0049904873594641685,
    0.005324028432369232,
    0.0049448697827756405
  ],
  "mae": [
    0.12050080299377441,
    0.10738912969827652,
    0.08377277851104736,
    0.07355333119630814,
    0.06849922984838486,
    0.07133669406175613,
    0.06764034926891327
  ],
  "mse": [
    0.02645467408001423,
    0.021920068189501762,
    0.013942766934633255,
    0.01107359491288662,
    0.009980974718928337,
    0.010648056864738464,
    0.009889739565551281
  ],
  "val_loss": [
    0.021117113530635834,
    0.016874825581908226,
    0.018309401348233223,
    0.018756389617919922,
    0.020272906869649887,
    0.021248696371912956,
    0.02053181082010269
  ],
  "val_mae": [
    0.13976432383060455,
    0.13059724867343903,
    0.12790220975875854,
    0.13111111521720886,
    0.13309848308563232,
    0.14336270093917847,
    0.13815739750862122
  ],
  "val_mse": [
    0.04223422706127167,
    0.03374965116381645,
    0.036618802696466446,
    0.037512779235839844,
    0.040545813739299774,
    0.04249739274382591,
    0.04106362164020538
  ]
}