{
  "loss": [
    0.006058915983885527,
    0.0048994948156178,
    0.004600399173796177,
    0.004390432965010405,
    0.004171854816377163,
    0.00402838084846735,
    0.003950514364987612,
    0.0038725624326616526,
    0.003827302251011133,
    0.0037776846438646317,
    0.0037382247392088175,
    0.003690179670229554,
    0.0036697376053780317,
    0.003634357126429677,
    0.0036189090460538864,
    0.003573800204321742,
    0.003523264778777957,
    0.003489559981971979,
    0.0034702755510807037,
    0.0034286370500922203,
    0.003391599515452981,
    0.003370938589796424,
    0.0033447619061917067,
    0.003300789510831237,
    0.003276755567640066,
    0.0032428724225610495,
    0.003149475436657667,
    0.0031758928671479225,
    0.003112133825197816,
    0.003084415104240179,
    0.003578522941097617
  ],
  "mae": [
    0.0755961537361145,
    0.06490243971347809,
    0.0617712065577507,
    0.05974583327770233,
    0.05780138075351715,
    0.05649419501423836,
    0.055760521441698074,
    0.05510495975613594,
    0.05471409857273102,
    0.0543658584356308,
    0.054005105048418045,
    0.05365205183625221,
    0.05347447842359543,
    0.05319884791970253,
    0.0531151257455349,
    0.0527368001639843,
    0.05234493687748909,
    0.05214503034949303,
    0.05196990445256233,
    0.051674362272024155,
    0.05140259116888046,
    0.051272694021463394,
    0.05105835199356079,
    0.05074192211031914,
    0.05052189156413078,
    0.050373829901218414,
    0.04964191094040871,
    0.04989112541079521,
    0.049400582909584045,
    0.049232322722673416,
    0.052866194397211075
  ],
  "mse": [
    0.012117833830416203,
    0.0097989896312356,
    0.009200798347592354,
    0.00878086593002081,
    0.008343709632754326,
    0.0080567616969347,
    0.007901028729975224,
    0.007745124865323305,
    0.007654604502022266,
    0.007555369287729263,
    0.007476449478417635,
    0.007380359340459108,
    0.0073394752107560635,
    0.007268714252859354,
    0.007237818092107773,
    0.007147600408643484,
    0.007046529557555914,
    0.006979119963943958,
    0.0069405511021614075,
    0.006857274100184441,
    0.006783199030905962,
    0.006741877179592848,
    0.006689523812383413,
    0.006601579021662474,
    0.006553511135280132,
    0.006485744845122099,
    0.006298950873315334,
    0.006351785734295845,
    0.006224267650395632,
    0.006168830208480358,
    0.007157045882195234
  ],
  "val_loss": [
    0.010117650963366032,
    0.009517569094896317,
    0.008869487792253494,
    0.007966040633618832,
    0.0073849353939294815,
    0.007188674062490463,
    0.006979497615247965,
    0.0067250896245241165,
    0.006480327807366848,
    0.00634022755548358,
    0.006044960580766201,
    0.0058767409063875675,
    0.005717285443097353,
    0.0056169782765209675,
    0.005425215233117342,
    0.005411914549767971,
    0.005382714793086052,
    0.005374519620090723,
    0.005151743069291115,
    0.00513057503849268,
    0.005097754765301943,
    0.004901773761957884,
    0.005002595949918032,
    0.00506332004442811,
    0.005163353402167559,
    0.00482604093849659,
    0.0051644593477249146,
    0.005065704230219126,
    0.004985946696251631,
    0.00500557292252779,
    0.005001736804842949
  ],
  "val_mae": [
    0.09718049317598343,
    0.09122273325920105,
    0.08856159448623657,
    0.0831264927983284,
    0.07984703779220581,
    0.07867994159460068,
    0.07757193595170975,
    0.07635196298360825,
    0.07477913051843643,
    0.07389971613883972,
    0.07196784019470215,
    0.07089734077453613,
    0.07031954079866409,
    0.06862208247184753,
    0.06744571775197983,
    0.06723767518997192,
    0.06725405156612396,
    0.0666632428765297,
    0.06551456451416016,
    0.06487654894590378,
    0.06460428982973099,
    0.06302321702241898,
    0.06346938759088516,
    0.06304863095283508,
    0.06456810235977173,
    0.06228578835725784,
    0.06362880766391754,
    0.0630224198102951,
    0.06272587925195694,
    0.06212436407804489,
    0.06464745849370956
  ],
  "val_mse": [
    0.020235301926732063,
    0.019035138189792633,
    0.01773897558450699,
    0.015932081267237663,
    0.014769870787858963,
    0.014377348124980927,
    0.01395899523049593,
    0.013450179249048233,
    0.012960655614733696,
    0.01268045511096716,
    0.012089921161532402,
    0.011753481812775135,
    0.011434570886194706,
    0.011233956553041935,
    0.010850430466234684,
    0.010823829099535942,
    0.010765429586172104,
    0.010749039240181446,
    0.01030348613858223,
    0.01026115007698536,
    0.010195509530603886,
    0.009803547523915768,
    0.010005191899836063,
    0.01012664008885622,
    0.010326706804335117,
    0.00965208187699318,
    0.010328918695449829,
    0.010131408460438251,
    0.009971893392503262,
    0.01001114584505558,
    0.010003473609685898
  ]
}