{
  "loss": [
    0.005689515732228756,
    0.004908854607492685,
    0.004713728092610836,
    0.004508280195295811,
    0.00431859353557229,
    0.0041925921104848385,
    0.004101520404219627,
    0.004037841688841581,
    0.004009710159152746,
    0.003948642406612635,
    0.003924647346138954,
    0.003892079461365938,
    0.0038629958871752024,
    0.0038211240898817778,
    0.0037934237625449896,
    0.003766851732507348,
    0.003751574084162712,
    0.003722947323694825,
    0.0036982668098062277,
    0.0036640730686485767,
    0.0036419755779206753,
    0.0036145071499049664,
    0.0035849311389029026,
    0.0035456742625683546,
    0.0035333819687366486,
    0.0034765745513141155,
    0.003453070530667901,
    0.0034135340247303247,
    0.0033766187261790037,
    0.0033591752871870995,
    0.003306850790977478,
    0.0032972432672977448,
    0.0032548431772738695,
    0.0032091715838760138,
    0.0031752767972648144,
    0.0031490426044911146,
    0.0031259525567293167,
    0.0031001330353319645,
    0.003050966886803508,
    0.003025469370186329,
    0.002974042436107993
  ],
  "mae": [
    0.06911375373601913,
    0.06350978463888168,
    0.062262050807476044,
    0.0606587752699852,
    0.05920931696891785,
    0.05809555947780609,
    0.0572059266269207,
    0.05664975196123123,
    0.05631362274289131,
    0.05577506870031357,
    0.05551433190703392,
    0.05517193675041199,
    0.05491585284471512,
    0.05453715845942497,
    0.054276496171951294,
    0.05396724492311478,
    0.053835224360227585,
    0.053617220371961594,
    0.0534154549241066,
    0.05313943326473236,
    0.05290887504816055,
    0.05271734297275543,
    0.05250350758433342,
    0.05220387503504753,
    0.05207177996635437,
    0.05165073275566101,
    0.051455408334732056,
    0.05109994113445282,
    0.050874289125204086,
    0.050755392760038376,
    0.05041471868753433,
    0.050260867923498154,
    0.04992576688528061,
    0.04952550679445267,
    0.049320437014102936,
    0.049097612500190735,
    0.04893351346254349,
    0.04882394149899483,
    0.04839957505464554,
    0.04820863902568817,
    0.047728367149829865
  ],
  "mse": [
    0.011379036121070385,
    0.00981770921498537,
    0.009427456185221672,
    0.009016560390591621,
    0.00863718707114458,
    0.008385184220969677,
    0.008203040808439255,
    0.008075683377683163,
    0.008019420318305492,
    0.00789728481322527,
    0.007849294692277908,
    0.007784158922731876,
    0.007725991774350405,
    0.0076422481797635555,
    0.007586847525089979,
    0.007533703465014696,
    0.007503148168325424,
    0.00744589464738965,
    0.007396533619612455,
    0.0073281461372971535,
    0.0072839511558413506,
    0.007229014299809933,
    0.007169862277805805,
    0.007091348525136709,
    0.007066763937473297,
    0.006953149102628231,
    0.006906141061335802,
    0.0068270680494606495,
    0.006753237452358007,
    0.006718350574374199,
    0.006613701581954956,
    0.0065944865345954895,
    0.006509686354547739,
    0.0064183431677520275,
    0.006350553594529629,
    0.006298085208982229,
    0.006251905113458633,
    0.006200266070663929,
    0.006101933773607016,
    0.006050938740372658,
    0.005948084872215986
  ],
  "val_loss": [
    0.009949090890586376,
    0.009432748891413212,
    0.008493698202073574,
    0.007389470003545284,
    0.007146100047975779,
    0.007001443766057491,
    0.006939088460057974,
    0.006492897402495146,
    0.006242416799068451,
    0.0062010642141103745,
    0.0061868466436862946,
    0.006022732704877853,
    0.006079121958464384,
    0.0055090878158807755,
    0.005542171653360128,
    0.005420252215117216,
    0.005297163035720587,
    0.00528207141906023,
    0.005246056709438562,
    0.005210998468101025,
    0.005018661264330149,
    0.0048664952628314495,
    0.004750408232212067,
    0.00462531391531229,
    0.004568763542920351,
    0.004378489218652248,
    0.004292023368179798,
    0.004458655137568712,
    0.004332368727773428,
    0.004373839590698481,
    0.004186376463621855,
    0.004140081815421581,
    0.0040270015597343445,
    0.0039272066205739975,
    0.0039189658127725124,
    0.0038548337761312723,
    0.003954863641411066,
    0.0038886594120413065,
    0.004075627774000168,
    0.003985436633229256,
    0.00411320012062788
  ],
  "val_mae": [
    0.09328858554363251,
    0.0931839793920517,
    0.087984599173069,
    0.08325930684804916,
    0.08270828425884247,
    0.08172332495450974,
    0.0817195326089859,
    0.07888606935739517,
    0.0776333212852478,
    0.0769878476858139,
    0.07760566473007202,
    0.0757598802447319,
    0.0762142539024353,
    0.07237666845321655,
    0.07232706248760223,
    0.07125851511955261,
    0.07087831944227219,
    0.07047683745622635,
    0.06991215795278549,
    0.07002412527799606,
    0.06855179369449615,
    0.06720665097236633,
    0.06646548956632614,
    0.06532084196805954,
    0.06476151198148727,
    0.06265275180339813,
    0.06211090832948685,
    0.06318627297878265,
    0.06143241748213768,
    0.062384217977523804,
    0.060326848179101944,
    0.06000400334596634,
    0.05825819820165634,
    0.057912033051252365,
    0.057381339371204376,
    0.05756949260830879,
    0.058062776923179626,
    0.05792086198925972,
    0.059158965945243835,
    0.0583217479288578,
    0.059470776468515396
  ],
  "val_mse": [
    0.019898181781172752,
    0.018865497782826424,
    0.016987396404147148,
    0.014778940007090569,
    0.014292200095951557,
    0.014002887532114983,
    0.013878176920115948,
    0.012985794804990292,
    0.012484833598136902,
    0.012402128428220749,
    0.012373693287372589,
    0.012045465409755707,
    0.012158243916928768,
    0.011018175631761551,
    0.011084343306720257,
    0.010840504430234432,
    0.010594326071441174,
    0.01056414283812046,
    0.010492113418877125,
    0.01042199693620205,
    0.010037322528660297,
    0.009732990525662899,
    0.009500816464424133,
    0.00925062783062458,
    0.009137527085840702,
    0.008756978437304497,
    0.008584046736359596,
    0.008917310275137424,
    0.008664737455546856,
    0.008747679181396961,
    0.00837275292724371,
    0.008280163630843163,
    0.008054003119468689,
    0.007854413241147995,
    0.007837931625545025,
    0.007709667552262545,
    0.007909727282822132,
    0.007777318824082613,
    0.008151255548000336,
    0.007970873266458511,
    0.00822640024125576
  ]
}