{
  "loss": [
    0.02634645812213421,
    0.014962549321353436,
    0.00887584500014782,
    0.0068483781069517136,
    0.00742148095741868,
    0.005891310051083565,
    0.005671528168022633,
    0.0056906272657215595,
    0.005575127899646759,
    0.005223243497312069,
    0.00506998086348176,
    0.005018996074795723,
    0.004957657307386398,
    0.00481314305216074,
    0.005016295704990625
  ],
  "mae": [
    0.1631159633398056,
    0.12485016882419586,
    0.09641493856906891,
    0.08281475305557251,
    0.08437411487102509,
    0.07385954260826111,
    0.07162109017372131,
    0.07039455324411392,
    0.06923984736204147,
    0.06642429530620575,
    0.06501685827970505,
    0.06421264261007309,
    0.06346666812896729,
    0.06280111521482468,
    0.06356789916753769
  ],
  "mse": [
    0.05269291624426842,
    0.02992509864270687,
    0.01775169000029564,
    0.013696756213903427,
    0.01484296191483736,
    0.01178262010216713,
    0.011343056336045265,
    0.011381254531443119,
    0.011150255799293518,
    0.010446486994624138,
    0.01013996172696352,
    0.010037992149591446,
    0.009915314614772797,
    0.00962628610432148,
    0.01003259140998125
  ],
  "val_loss": [
    0.01709497906267643,
    0.013853389769792557,
    0.011794118210673332,
    0.014420154504477978,
    0.012392099015414715,
    0.012211218476295471,
    0.01162999402731657,
    0.010566500015556812,
    0.0109898392111063,
    0.009513676166534424,
    0.012120773084461689,
    0.0103395264595747,
    0.011787262745201588,
    0.01002517156302929,
    0.013144099153578281
  ],
  "val_mae": [
    0.12915614247322083,
    0.11516425758600235,
    0.10792264342308044,
    0.11137475073337555,
    0.10886333882808685,
    0.10436565428972244,
    0.10582896322011948,
    0.10023950785398483,
    0.10238815099000931,
    0.09796968102455139,
    0.10504800826311111,
    0.10180208086967468,
    0.10373935103416443,
    0.10038451105356216,
    0.11267931759357452
  ],
  "val_mse": [
    0.03418995812535286,
    0.027706779539585114,
    0.023588236421346664,
    0.028840309008955956,
    0.02478419803082943,
    0.024422436952590942,
    0.02325998805463314,
    0.021133000031113625,
    0.0219796784222126,
    0.019027352333068848,
    0.024241546168923378,
    0.0206790529191494,
    0.023574525490403175,
    0.02005034312605858,
    0.026288198307156563
  ]
}