{
  "loss": [
    0.01854386366903782,
    0.009095417335629463,
    0.008802605792880058,
    0.0058191800490021706,
    0.005753082688897848,
    0.005482248496264219
  ],
  "mae": [
    0.1356394737958908,
    0.09153696149587631,
    0.09184310585260391,
    0.07213467359542847,
    0.07029359042644501,
    0.06796889752149582
  ],
  "mse": [
    0.03708772733807564,
    0.018190834671258926,
    0.01760532706975937,
    0.011638360098004341,
    0.011506165377795696,
    0.010964496992528439
  ],
  "val_loss": [
    0.018622929230332375,
    0.018672475591301918,
    0.02410154975950718,
    0.024227945134043694,
    0.026561588048934937,
    0.029169559478759766
  ],
  "val_mae": [
    0.13290365040302277,
    0.12330472469329834,
    0.14904114603996277,
    0.1483132690191269,
    0.15515051782131195,
    0.1633145958185196
  ],
  "val_mse": [
    0.03724585846066475,
    0.037344951182603836,
    0.04820309951901436,
    0.04845589026808739,
    0.05312317609786987,
    0.05833911895751953
  ]
}