{
  "loss": [
    0.01723220944404602,
    0.009534751996397972,
    0.00787762738764286,
    0.006380109582096338,
    0.006597027648240328,
    0.0046930257230997086,
    0.00485713966190815,
    0.005119403824210167,
    0.004907590802758932,
    0.005123950075358152,
    0.004345590714365244,
    0.00472594890743494,
    0.0049096764996647835
  ],
  "mae": [
    0.1269710212945938,
    0.09599080681800842,
    0.08536626398563385,
    0.07504525780677795,
    0.07539719343185425,
    0.06246301159262657,
    0.06233268976211548,
    0.0634349137544632,
    0.06185086816549301,
    0.06304330378770828,
    0.056695904582738876,
    0.05922872573137283,
    0.06098705157637596
  ],
  "mse": [
    0.03446442261338234,
    0.019069503992795944,
    0.01575525477528572,
    0.012760221026837826,
    0.013194055296480656,
    0.009386051446199417,
    0.0097142793238163,
    0.010238807648420334,
    0.009815181605517864,
    0.010247900150716305,
    0.008691181428730488,
    0.00945189781486988,
    0.009819352999329567
  ],
  "val_loss": [
    0.01934800297021866,
    0.01801849529147148,
    0.018028944730758667,
    0.015364373102784157,
    0.015658097341656685,
    0.016441205516457558,
    0.015622486360371113,
    0.01519094966351986,
    0.01695070043206215,
    0.01572490856051445,
    0.015936674550175667,
    0.016672950237989426,
    0.01625974290072918
  ],
  "val_mae": [
    0.12555965781211853,
    0.12295320630073547,
    0.12086714059114456,
    0.11401546746492386,
    0.11615733057260513,
    0.11664175242185593,
    0.11617278307676315,
    0.11623629182577133,
    0.11709697544574738,
    0.11643017828464508,
    0.11299560219049454,
    0.1177218034863472,
    0.1186903566122055
  ],
  "val_mse": [
    0.03869600594043732,
    0.03603699058294296,
    0.036057889461517334,
    0.030728746205568314,
    0.03131619468331337,
    0.032882411032915115,
    0.031244972720742226,
    0.03038189932703972,
    0.0339014008641243,
    0.0314498171210289,
    0.031873349100351334,
    0.03334590047597885,
    0.03251948580145836
  ]
}