{
  "loss": [
    0.022788941860198975,
    0.009984261356294155,
    0.007166015915572643,
    0.0068392823450267315,
    0.005783177446573973,
    0.005702426191419363,
    0.005294439382851124
  ],
  "mae": [
    0.15008902549743652,
    0.10098939388990402,
    0.08444725722074509,
    0.08080550283193588,
    0.07423890382051468,
    0.07214824110269547,
    0.06937046349048615
  ],
  "mse": [
    0.04557788372039795,
    0.01996852271258831,
    0.014332321472465992,
    0.013678564690053463,
    0.011566354893147945,
    0.011404852382838726,
    0.010588878765702248
  ],
  "val_loss": [
    0.015910400077700615,
    0.014842930249869823,
    0.015126998536288738,
    0.014891453087329865,
    0.015153566375374794,
    0.015042952261865139,
    0.014904540032148361
  ],
  "val_mae": [
    0.11882220208644867,
    0.11377815157175064,
    0.11713116616010666,
    0.1140984296798706,
    0.11298803240060806,
    0.11279044300317764,
    0.11271928250789642
  ],
  "val_mse": [
    0.03182080015540123,
    0.029685860499739647,
    0.030253997072577477,
    0.02978290617465973,
    0.030307132750749588,
    0.030085904523730278,
    0.029809080064296722
  ]
}