{
  "loss": [
    0.016881689429283142,
    0.007935947738587856,
    0.00652405247092247,
    0.005831907503306866,
    0.006407857872545719,
    0.005071872379630804,
    0.004876271355897188,
    0.00487749557942152
  ],
  "mae": [
    0.13059930503368378,
    0.08892226964235306,
    0.07907145470380783,
    0.07418694347143173,
    0.07621722668409348,
    0.06778152287006378,
    0.06527909636497498,
    0.06462118029594421
  ],
  "mse": [
    0.033763378858566284,
    0.015871895477175713,
    0.01304810494184494,
    0.011663815006613731,
    0.012815715745091438,
    0.010143744759261608,
    0.009752542711794376,
    0.009754995815455914
  ],
  "val_loss": [
    0.01862603798508644,
    0.018036384135484695,
    0.01640416495501995,
    0.023524634540081024,
    0.018170882016420364,
    0.02497536689043045,
    0.026211058720946312,
    0.021373329684138298
  ],
  "val_mae": [
    0.13345104455947876,
    0.12741747498512268,
    0.1244300827383995,
    0.14317935705184937,
    0.1284712702035904,
    0.1482522189617157,
    0.1518513262271881,
    0.13732044398784637
  ],
  "val_mse": [
    0.03725207597017288,
    0.03607276827096939,
    0.0328083299100399,
    0.04704926908016205,
    0.03634176403284073,
    0.0499507337808609,
    0.052422117441892624,
    0.042746659368276596
  ]
}