{
  "loss": [
    0.016696803271770477,
    0.008532733656466007,
    0.007572348229587078,
    0.0061514596454799175,
    0.006256160791963339,
    0.005395446438342333
  ],
  "mae": [
    0.12765419483184814,
    0.09083383530378342,
    0.0824766457080841,
    0.07403755933046341,
    0.07414154708385468,
    0.06750235706567764
  ],
  "mse": [
    0.033393606543540955,
    0.017065543681383133,
    0.015144696459174156,
    0.012302919290959835,
    0.012512321583926678,
    0.010790892876684666
  ],
  "val_loss": [
    0.015889804810285568,
    0.019818013533949852,
    0.020063258707523346,
    0.018394626677036285,
    0.016865484416484833,
    0.01837189681828022
  ],
  "val_mae": [
    0.12495352327823639,
    0.13608695566654205,
    0.13807062804698944,
    0.13096314668655396,
    0.12542733550071716,
    0.13016825914382935
  ],
  "val_mse": [
    0.031779609620571136,
    0.039636027067899704,
    0.04012651741504669,
    0.03678925335407257,
    0.033730968832969666,
    0.03674379363656044
  ]
}