{
  "loss": [
    0.01970897614955902,
    0.008271564729511738,
    0.00707942945882678,
    0.005228670779615641,
    0.005439994391053915,
    0.004916309844702482,
    0.005231858696788549,
    0.004276670981198549,
    0.0045118085108697414,
    0.004694478586316109
  ],
  "mae": [
    0.13413545489311218,
    0.09071379899978638,
    0.07931310683488846,
    0.06724750250577927,
    0.0659368485212326,
    0.06181774288415909,
    0.06182508170604706,
    0.055463336408138275,
    0.05606340616941452,
    0.05752461403608322
  ],
  "mse": [
    0.03941795229911804,
    0.016543129459023476,
    0.01415885891765356,
    0.010457341559231281,
    0.01087998878210783,
    0.009832619689404964,
    0.010463717393577099,
    0.008553341962397099,
    0.009023617021739483,
    0.009388957172632217
  ],
  "val_loss": [
    0.01731181889772415,
    0.01712142489850521,
    0.016970524564385414,
    0.015591228380799294,
    0.015309332869946957,
    0.01864539459347725,
    0.016457445919513702,
    0.017540553584694862,
    0.015347675420343876,
    0.021284906193614006
  ],
  "val_mae": [
    0.12630026042461395,
    0.12350910156965256,
    0.12305816262960434,
    0.11853602528572083,
    0.11674097925424576,
    0.12664680182933807,
    0.12075310945510864,
    0.12431962043046951,
    0.11707992851734161,
    0.13414748013019562
  ],
  "val_mse": [
    0.0346236377954483,
    0.03424284979701042,
    0.03394104912877083,
    0.031182456761598587,
    0.030618665739893913,
    0.0372907891869545,
    0.032914891839027405,
    0.035081107169389725,
    0.030695350840687752,
    0.04256981238722801
  ]
}