{
  "loss": [
    0.005993267521262169,
    0.004893452860414982,
    0.004606143105775118,
    0.004392657894641161,
    0.0042314184829592705,
    0.004077616613358259,
    0.00396661926060915,
    0.0038994166534394026,
    0.003842222271487117,
    0.0037861294113099575,
    0.00375154591165483,
    0.0037083104252815247,
    0.0036711441352963448,
    0.0036330840084701777,
    0.0035957982763648033,
    0.0035541332326829433,
    0.0035260512959212065,
    0.0034906307701021433,
    0.0034518814645707607,
    0.0034162630327045918,
    0.003397351363673806,
    0.0033533077221363783,
    0.0033151537645608187,
    0.003280118340626359,
    0.003217564430087805,
    0.0031824870966374874,
    0.003131002187728882,
    0.003118684282526374,
    0.0030929374042898417,
    0.0030532265082001686,
    0.0030132874380797148,
    0.0030052633956074715,
    0.002952984534204006,
    0.0029398540500551462,
    0.0028613880276679993,
    0.00287833740003407,
    0.002798830857500434,
    0.0028216487262398005,
    0.002748306840658188,
    0.0027671554125845432
  ],
  "mae": [
    0.07521016895771027,
    0.06488239765167236,
    0.06165297329425812,
    0.059586431831121445,
    0.058079592883586884,
    0.05676720291376114,
    0.0558101087808609,
    0.055182989686727524,
    0.05469196289777756,
    0.054253216832876205,
    0.053956400603055954,
    0.05364464223384857,
    0.053344473242759705,
    0.053076356649398804,
    0.05276799574494362,
    0.052412860095500946,
    0.052232082933187485,
    0.051918696612119675,
    0.05161815881729126,
    0.05140828713774681,
    0.051289018243551254,
    0.0509275384247303,
    0.05067674070596695,
    0.05040949583053589,
    0.04998420551419258,
    0.04973002150654793,
    0.04938044771552086,
    0.049270983785390854,
    0.049083150923252106,
    0.048824068158864975,
    0.04849201813340187,
    0.04844900220632553,
    0.048122063279151917,
    0.04797983169555664,
    0.0473942831158638,
    0.04756682738661766,
    0.04699253290891647,
    0.0471545048058033,
    0.04662637412548065,
    0.04678374528884888
  ],
  "mse": [
    0.011986535042524338,
    0.009786905720829964,
    0.009212286211550236,
    0.008785315789282322,
    0.008462836965918541,
    0.008155233226716518,
    0.0079332385212183,
    0.007798833306878805,
    0.007684444542974234,
    0.007572258822619915,
    0.00750309182330966,
    0.007416620850563049,
    0.0073422882705926895,
    0.007266168016940355,
    0.007191596552729607,
    0.007108266465365887,
    0.007052102591842413,
    0.006981261540204287,
    0.0069037629291415215,
    0.0068325260654091835,
    0.006794702727347612,
    0.006706615444272757,
    0.006630307529121637,
    0.006560236681252718,
    0.00643512886017561,
    0.006364974193274975,
    0.006262004375457764,
    0.006237368565052748,
    0.006185874808579683,
    0.006106453016400337,
    0.0060265748761594296,
    0.006010526791214943,
    0.005905969068408012,
    0.0058797081001102924,
    0.0057227760553359985,
    0.00575667480006814,
    0.005597661715000868,
    0.005643297452479601,
    0.005496613681316376,
    0.0055343108251690865
  ],
  "val_loss": [
    0.01035925094038248,
    0.009245886467397213,
    0.00862308219075203,
    0.007831982336938381,
    0.007247903384268284,
    0.006876073312014341,
    0.0065618595108389854,
    0.006457603070884943,
    0.006241307128220797,
    0.006104443222284317,
    0.005902102682739496,
    0.0058252462185919285,
    0.005674687214195728,
    0.005558349192142487,
    0.005409815814346075,
    0.005323816556483507,
    0.005251099355518818,
    0.005256722215563059,
    0.005042525939643383,
    0.0051072733476758,
    0.004974131006747484,
    0.005025112070143223,
    0.00480545312166214,
    0.004804627038538456,
    0.004717022646218538,
    0.004757318180054426,
    0.0045304074883461,
    0.00469568045809865,
    0.00454894220456481,
    0.0047089895233511925,
    0.004415741190314293,
    0.004522433504462242,
    0.004384726285934448,
    0.00446326145902276,
    0.004345433786511421,
    0.0045667910017073154,
    0.0044814907014369965,
    0.004380602855235338,
    0.004530911799520254,
    0.004538493696600199
  ],
  "val_mae": [
    0.09875260293483734,
    0.09021047502756119,
    0.08665800839662552,
    0.08320804685354233,
    0.07981880754232407,
    0.07742396742105484,
    0.07510676234960556,
    0.07440733909606934,
    0.07306664437055588,
    0.07250014692544937,
    0.07115662097930908,
    0.07084153592586517,
    0.06973329931497574,
    0.06893337517976761,
    0.06775232404470444,
    0.06706555932760239,
    0.06657754629850388,
    0.06614688038825989,
    0.06454209983348846,
    0.06469103693962097,
    0.06401538103818893,
    0.064051054418087,
    0.0627870187163353,
    0.062354642897844315,
    0.06166168302297592,
    0.06178337708115578,
    0.06023981422185898,
    0.06080067157745361,
    0.059654902666807175,
    0.06094564497470856,
    0.05856065824627876,
    0.05915582552552223,
    0.058066226541996,
    0.05865912511944771,
    0.05771638825535774,
    0.05893104523420334,
    0.058064330369234085,
    0.057753972709178925,
    0.05818143114447594,
    0.0584535114467144
  ],
  "val_mse": [
    0.02071850188076496,
    0.018491772934794426,
    0.01724616438150406,
    0.015663964673876762,
    0.014495806768536568,
    0.013752146624028683,
    0.013123719021677971,
    0.012915206141769886,
    0.012482614256441593,
    0.012208886444568634,
    0.011804205365478992,
    0.011650492437183857,
    0.011349374428391457,
    0.011116698384284973,
    0.01081963162869215,
    0.010647633112967014,
    0.010502198711037636,
    0.010513444431126118,
    0.010085051879286766,
    0.0102145466953516,
    0.009948262013494968,
    0.010050224140286446,
    0.00961090624332428,
    0.009609254077076912,
    0.009434045292437077,
    0.009514636360108852,
    0.0090608149766922,
    0.0093913609161973,
    0.00909788440912962,
    0.009417979046702385,
    0.008831482380628586,
    0.009044867008924484,
    0.008769452571868896,
    0.00892652291804552,
    0.008690867573022842,
    0.009133582003414631,
    0.008962981402873993,
    0.008761205710470676,
    0.009061823599040508,
    0.009076987393200397
  ]
}