{
  "loss": [
    0.005746893584728241,
    0.004913599696010351,
    0.004697664175182581,
    0.004518925677984953,
    0.0043501523323357105,
    0.004224925301969051,
    0.004130755551159382,
    0.004083279520273209,
    0.004045987967401743,
    0.003991712350398302,
    0.003951028920710087,
    0.003919648472219706,
    0.0038635635282844305,
    0.003828206565231085,
    0.0037885564379394054,
    0.0037406596820801497,
    0.0037173519376665354,
    0.003677078289911151,
    0.003659311681985855,
    0.003625337965786457,
    0.0035834142472594976,
    0.003561696968972683,
    0.0035406167153269053,
    0.003518379293382168,
    0.00348626053892076,
    0.0034630352165549994,
    0.0034303271677345037,
    0.0034002340398728848,
    0.003385379444807768,
    0.0033580665476620197,
    0.003314562840387225,
    0.0033130813390016556,
    0.0032611372880637646,
    0.003242472419515252,
    0.0032333401031792164,
    0.003195794764906168,
    0.0031630778685212135,
    0.003185572801157832,
    0.003131145378574729,
    0.003077344736084342,
    0.0031653514597564936,
    0.0030581990722566843,
    0.003028769278898835,
    0.0029785765800625086,
    0.003040163079276681,
    0.0029414643067866564,
    0.0029141600243747234,
    0.0028771129436790943,
    0.0029787621460855007,
    0.002888065529987216
  ],
  "mae": [
    0.06948214024305344,
    0.06322454661130905,
    0.062000371515750885,
    0.06065111234784126,
    0.05922994390130043,
    0.05809766426682472,
    0.05727376416325569,
    0.056728385388851166,
    0.056404050439596176,
    0.055862460285425186,
    0.055480338633060455,
    0.05509113892912865,
    0.054636213928461075,
    0.05428825691342354,
    0.053938932716846466,
    0.05353910103440285,
    0.05331486463546753,
    0.052970703691244125,
    0.052811235189437866,
    0.052529819309711456,
    0.05223407223820686,
    0.052008505910634995,
    0.051889240741729736,
    0.05170531943440437,
    0.051467232406139374,
    0.05127229541540146,
    0.05101041495800018,
    0.05084194242954254,
    0.05066785588860512,
    0.050456687808036804,
    0.050119370222091675,
    0.050117820501327515,
    0.04979228228330612,
    0.04960642755031586,
    0.0495118610560894,
    0.04927008971571922,
    0.04903491213917732,
    0.04918411374092102,
    0.04877256974577904,
    0.04838760197162628,
    0.048937439918518066,
    0.048284128308296204,
    0.04806399345397949,
    0.047662366181612015,
    0.04794279485940933,
    0.04742762818932533,
    0.04715817794203758,
    0.046855028718709946,
    0.04743667319417,
    0.046982262283563614
  ],
  "mse": [
    0.011493787169456482,
    0.009827199392020702,
    0.009395328350365162,
    0.009037851355969906,
    0.008700304664671421,
    0.008449850603938103,
    0.008261511102318764,
    0.008166559040546417,
    0.008091975934803486,
    0.007983424700796604,
    0.007902057841420174,
    0.007839296944439411,
    0.007727127056568861,
    0.00765641313046217,
    0.007577112875878811,
    0.007481319364160299,
    0.007434703875333071,
    0.007354156579822302,
    0.00731862336397171,
    0.007250675931572914,
    0.007166828494518995,
    0.007123393937945366,
    0.0070812334306538105,
    0.007036758586764336,
    0.00697252107784152,
    0.006926070433109999,
    0.0068606543354690075,
    0.0068004680797457695,
    0.006770758889615536,
    0.0067161330953240395,
    0.00662912568077445,
    0.006626162678003311,
    0.006522274576127529,
    0.006484944839030504,
    0.006466680206358433,
    0.006391590461134911,
    0.006326155737042427,
    0.006371172145009041,
    0.006262290757149458,
    0.006154689472168684,
    0.00633193226531148,
    0.006116398144513369,
    0.00605753855779767,
    0.005957153160125017,
    0.00614289240911603,
    0.005882928613573313,
    0.005828320048749447,
    0.005754225887358189,
    0.0059575242921710014,
    0.005776131059974432
  ],
  "val_loss": [
    0.009651638567447662,
    0.009150287136435509,
    0.008327986113727093,
    0.007538989186286926,
    0.007107864134013653,
    0.006970773451030254,
    0.006746517028659582,
    0.006665966939181089,
    0.0064054690301418304,
    0.006068124435842037,
    0.006056297104805708,
    0.0058840494602918625,
    0.005696706939488649,
    0.005443842615932226,
    0.005503146443516016,
    0.005239115562289953,
    0.005165158770978451,
    0.0051720477640628815,
    0.005167684517800808,
    0.005155225284397602,
    0.005109362304210663,
    0.004939609672874212,
    0.005018084309995174,
    0.00474667688831687,
    0.004623084794729948,
    0.0047382693737745285,
    0.004548545926809311,
    0.0044668265618383884,
    0.0045456248335540295,
    0.0044266534969210625,
    0.004382732789963484,
    0.004213904496282339,
    0.0041966564022004604,
    0.0041268994100391865,
    0.0042274026200175285,
    0.004265883006155491,
    0.004115408752113581,
    0.004108156077563763,
    0.004006111063063145,
    0.004249170888215303,
    0.0039678048342466354,
    0.004205559380352497,
    0.003989206161350012,
    0.0041048103012144566,
    0.003956834319978952,
    0.003958877641707659,
    0.004089093767106533,
    0.004013095982372761,
    0.004217197652906179,
    0.004128936678171158
  ],
  "val_mae": [
    0.0915825366973877,
    0.08958431333303452,
    0.08617254346609116,
    0.08331170678138733,
    0.08165670931339264,
    0.08151174336671829,
    0.08001448214054108,
    0.07961324602365494,
    0.0779980793595314,
    0.0754489153623581,
    0.07533010095357895,
    0.07429812103509903,
    0.0729287788271904,
    0.0713367685675621,
    0.0721016675233841,
    0.07054169476032257,
    0.06941021233797073,
    0.06929846853017807,
    0.0689871609210968,
    0.06928806006908417,
    0.0686051994562149,
    0.06688319891691208,
    0.06738351285457611,
    0.06546714901924133,
    0.06401387602090836,
    0.06493574380874634,
    0.06330797076225281,
    0.061997704207897186,
    0.06236002966761589,
    0.06199223920702934,
    0.06099863722920418,
    0.06035453826189041,
    0.05934574827551842,
    0.05893643572926521,
    0.05904479697346687,
    0.059868086129426956,
    0.05881783366203308,
    0.05873510614037514,
    0.057906124740839005,
    0.05966440588235855,
    0.057838693261146545,
    0.059161607176065445,
    0.05697080120444298,
    0.0585973858833313,
    0.057283490896224976,
    0.05633535981178284,
    0.057570334523916245,
    0.05684956908226013,
    0.0596846379339695,
    0.05693487823009491
  ],
  "val_mse": [
    0.019303277134895325,
    0.018300574272871017,
    0.016655972227454185,
    0.015077978372573853,
    0.014215728268027306,
    0.013941546902060509,
    0.013493034057319164,
    0.013331933878362179,
    0.012810938060283661,
    0.012136248871684074,
    0.012112594209611416,
    0.011768098920583725,
    0.011393413878977299,
    0.010887685231864452,
    0.011006292887032032,
    0.010478231124579906,
    0.010330317541956902,
    0.010344095528125763,
    0.010335369035601616,
    0.010310450568795204,
    0.010218724608421326,
    0.009879219345748425,
    0.010036168619990349,
    0.00949335377663374,
    0.009246169589459896,
    0.009476538747549057,
    0.009097091853618622,
    0.008933653123676777,
    0.009091249667108059,
    0.008853306993842125,
    0.008765465579926968,
    0.008427808992564678,
    0.008393312804400921,
    0.008253798820078373,
    0.008454805240035057,
    0.008531766012310982,
    0.008230817504227161,
    0.008216312155127525,
    0.00801222212612629,
    0.008498341776430607,
    0.007935609668493271,
    0.008411118760704994,
    0.007978412322700024,
    0.008209620602428913,
    0.007913668639957905,
    0.007917755283415318,
    0.008178187534213066,
    0.008026191964745522,
    0.008434395305812359,
    0.008257873356342316
  ]
}