{
  "loss": [
    0.006067496258765459,
    0.004904414992779493,
    0.004591920878738165,
    0.004386013373732567,
    0.004191234242171049,
    0.004057745449244976,
    0.003978086169809103,
    0.003918020520359278,
    0.003859603777527809,
    0.003805238287895918,
    0.0037608128041028976,
    0.0037078093737363815,
    0.003673165338113904,
    0.003638307796791196,
    0.003603222081437707,
    0.0036017470993101597,
    0.003563950303941965,
    0.0035205758176743984,
    0.0035042220260947943,
    0.0034581536892801523,
    0.0034431081730872393,
    0.003419259563088417,
    0.003387650940567255,
    0.003341260366141796,
    0.003312712535262108,
    0.0032989748287945986,
    0.0032715515699237585,
    0.003235614625737071,
    0.0032539714593440294,
    0.0031426583882421255,
    0.0031120716594159603,
    0.0030463864095509052,
    0.003035774687305093,
    0.0030013921204954386,
    0.0029579210095107555,
    0.00289817969314754,
    0.002950615482404828,
    0.002907412126660347,
    0.0027994955889880657,
    0.0027603330090641975,
    0.002698538824915886,
    0.0026297313161194324
  ],
  "mae": [
    0.07564202696084976,
    0.06484372913837433,
    0.06174180656671524,
    0.0596403144299984,
    0.057772956788539886,
    0.05662268027663231,
    0.055926840752363205,
    0.055329736322164536,
    0.0550072081387043,
    0.054539572447538376,
    0.05417251959443092,
    0.05383380874991417,
    0.05352795496582985,
    0.05329723656177521,
    0.05301733314990997,
    0.05300860106945038,
    0.052786655724048615,
    0.05244928225874901,
    0.05237346887588501,
    0.05192675068974495,
    0.05182819813489914,
    0.051656849682331085,
    0.05139697715640068,
    0.051102686673402786,
    0.05092522129416466,
    0.05085719749331474,
    0.0507177971303463,
    0.05042947083711624,
    0.05056373402476311,
    0.04975335672497749,
    0.049497172236442566,
    0.04907825589179993,
    0.04902363196015358,
    0.048768047243356705,
    0.04857265576720238,
    0.048039842396974564,
    0.04854242503643036,
    0.048171721398830414,
    0.04745432734489441,
    0.04717008396983147,
    0.04679405689239502,
    0.046305783092975616
  ],
  "mse": [
    0.012134994380176067,
    0.009808829985558987,
    0.00918384175747633,
    0.008772026747465134,
    0.008382468484342098,
    0.008115490898489952,
    0.007956172339618206,
    0.007836041040718555,
    0.007719207555055618,
    0.007610476575791836,
    0.007521625608205795,
    0.007415618747472763,
    0.007346330676227808,
    0.007276615593582392,
    0.007206444162875414,
    0.007203494198620319,
    0.00712790060788393,
    0.007041151635348797,
    0.0070084440521895885,
    0.006916307378560305,
    0.0068862163461744785,
    0.006838519126176834,
    0.00677530188113451,
    0.006682520732283592,
    0.006625425070524216,
    0.006597949657589197,
    0.006543103139847517,
    0.006471229251474142,
    0.006507942918688059,
    0.006285316776484251,
    0.006224143318831921,
    0.0060927728191018105,
    0.006071549374610186,
    0.006002784240990877,
    0.005915842019021511,
    0.00579635938629508,
    0.005901230964809656,
    0.005814824253320694,
    0.0055989911779761314,
    0.005520666018128395,
    0.005397077649831772,
    0.005259462632238865
  ],
  "val_loss": [
    0.010148224420845509,
    0.009376751258969307,
    0.008799242787063122,
    0.007886718958616257,
    0.0073820315301418304,
    0.007009575143456459,
    0.006834944244474173,
    0.006689696107059717,
    0.006605131551623344,
    0.006392199546098709,
    0.006298164837062359,
    0.006346020847558975,
    0.006067283917218447,
    0.005850266199558973,
    0.0059144082479178905,
    0.005659729707986116,
    0.005500142462551594,
    0.005429505370557308,
    0.0051416195929050446,
    0.0053232950158417225,
    0.005247404333204031,
    0.0051297578029334545,
    0.00504582654684782,
    0.004904820583760738,
    0.004771555308252573,
    0.004841913003474474,
    0.0048912158235907555,
    0.004900918807834387,
    0.004542819689959288,
    0.004833109211176634,
    0.0049791764467954636,
    0.004847286734730005,
    0.004895239602774382,
    0.004492316395044327,
    0.004744112025946379,
    0.004729521460831165,
    0.004151579458266497,
    0.004261677153408527,
    0.004451789427548647,
    0.004364524967968464,
    0.004370480310171843,
    0.004355210345238447
  ],
  "val_mae": [
    0.09750761091709137,
    0.09088882803916931,
    0.08784043043851852,
    0.08250532299280167,
    0.08128461986780167,
    0.07828027755022049,
    0.07749535888433456,
    0.07667629420757294,
    0.07591742277145386,
    0.07429401576519012,
    0.07386666536331177,
    0.07443981617689133,
    0.07229290157556534,
    0.07078671455383301,
    0.07079040259122849,
    0.06912708282470703,
    0.06787914037704468,
    0.0670662522315979,
    0.06509216874837875,
    0.06609032303094864,
    0.06499715894460678,
    0.06429731100797653,
    0.0634901225566864,
    0.06236519291996956,
    0.06181472912430763,
    0.06237950921058655,
    0.06277856975793839,
    0.062415726482868195,
    0.05985545367002487,
    0.06111782044172287,
    0.06215216591954231,
    0.061367787420749664,
    0.061428964138031006,
    0.05938044190406799,
    0.060752127319574356,
    0.06093640998005867,
    0.05678577348589897,
    0.05839768052101135,
    0.058839939534664154,
    0.05794619023799896,
    0.05766895040869713,
    0.05730728432536125
  ],
  "val_mse": [
    0.020296448841691017,
    0.018753502517938614,
    0.017598485574126244,
    0.015773437917232513,
    0.014764063060283661,
    0.014019150286912918,
    0.013669888488948345,
    0.013379392214119434,
    0.013210263103246689,
    0.012784399092197418,
    0.012596329674124718,
    0.01269204169511795,
    0.012134567834436893,
    0.011700532399117947,
    0.011828816495835781,
    0.011319459415972233,
    0.011000284925103188,
    0.010859010741114616,
    0.010283239185810089,
    0.010646590031683445,
    0.010494808666408062,
    0.010259515605866909,
    0.01009165309369564,
    0.009809641167521477,
    0.009543110616505146,
    0.009683826006948948,
    0.009782431647181511,
    0.009801837615668774,
    0.009085639379918575,
    0.009666218422353268,
    0.009958352893590927,
    0.00969457346946001,
    0.009790479205548763,
    0.008984632790088654,
    0.009488224051892757,
    0.00945904292166233,
    0.008303158916532993,
    0.008523354306817055,
    0.008903578855097294,
    0.008729049935936928,
    0.008740960620343685,
    0.008710420690476894
  ]
}