{
  "loss": [
    0.020335569977760315,
    0.009073360823094845,
    0.007137122564017773,
    0.005475110840052366,
    0.005197372753173113,
    0.004923539236187935,
    0.005326298531144857,
    0.005357927177101374,
    0.004313263110816479,
    0.004412265960127115
  ],
  "mae": [
    0.13797718286514282,
    0.09555741399526596,
    0.08101706951856613,
    0.06983761489391327,
    0.06512723863124847,
    0.06279198825359344,
    0.06389638781547546,
    0.06281259655952454,
    0.05631992593407631,
    0.05611608177423477
  ],
  "mse": [
    0.04067113995552063,
    0.01814672164618969,
    0.014274245128035545,
    0.010950221680104733,
    0.010394745506346226,
    0.00984707847237587,
    0.010652597062289715,
    0.010715854354202747,
    0.008626526221632957,
    0.00882453192025423
  ],
  "val_loss": [
    0.016622891649603844,
    0.017420003190636635,
    0.016754362732172012,
    0.017468910664319992,
    0.014819626696407795,
    0.0216008760035038,
    0.01742311380803585,
    0.015063045546412468,
    0.018245769664645195,
    0.01797688752412796
  ],
  "val_mae": [
    0.11887679249048233,
    0.1257159560918808,
    0.12371482700109482,
    0.12411776185035706,
    0.11604616791009903,
    0.13546544313430786,
    0.12432413548231125,
    0.11576344072818756,
    0.12651294469833374,
    0.1253580003976822
  ],
  "val_mse": [
    0.03324578329920769,
    0.03484000638127327,
    0.033508725464344025,
    0.034937821328639984,
    0.02963925339281559,
    0.0432017520070076,
    0.0348462276160717,
    0.030126091092824936,
    0.03649153932929039,
    0.03595377504825592
  ]
}