{
  "loss": [
    0.005710239987820387,
    0.004874555394053459,
    0.004655617289245129,
    0.004460352938622236,
    0.0042664590291678905,
    0.0041497740894556046,
    0.00407463638111949,
    0.004015123005956411,
    0.0039768218994140625,
    0.003943821415305138,
    0.003908894024789333,
    0.0038706171326339245,
    0.0038429631385952234,
    0.003813947783783078,
    0.0037999069318175316,
    0.0037808602210134268,
    0.0037394538521766663,
    0.0036985869519412518,
    0.0036858227103948593,
    0.003651342121884227,
    0.0036359780933707952,
    0.003607018617913127,
    0.0035953957121819258,
    0.00356074096634984,
    0.0035316713619977236,
    0.0035036085173487663,
    0.0034725700970739126,
    0.003439764492213726,
    0.0034260721877217293,
    0.0033991241361945868,
    0.0033383367117494345,
    0.003331687767058611,
    0.29073047637939453,
    0.003983189817517996,
    0.00379198812879622,
    0.0037052310071885586
  ],
  "mae": [
    0.0692330151796341,
    0.06310465931892395,
    0.06162330508232117,
    0.06017623841762543,
    0.05853091925382614,
    0.05735372379422188,
    0.056685276329517365,
    0.05603741854429245,
    0.055620141327381134,
    0.055236611515283585,
    0.05495524778962135,
    0.054626259952783585,
    0.05430407449603081,
    0.05408494547009468,
    0.05389799922704697,
    0.05380311608314514,
    0.053431328386068344,
    0.053105514496564865,
    0.052903518080711365,
    0.05266224965453148,
    0.05248627811670303,
    0.052285920828580856,
    0.052165284752845764,
    0.05189831554889679,
    0.0516708642244339,
    0.05139565095305443,
    0.05118567496538162,
    0.05090842768549919,
    0.050832539796829224,
    0.05060579627752304,
    0.05015735700726509,
    0.05009599030017853,
    0.3487430810928345,
    0.05629047751426697,
    0.053932804614305496,
    0.05301531404256821
  ],
  "mse": [
    0.011420479975640774,
    0.009749110788106918,
    0.009311234578490257,
    0.008920705877244473,
    0.008532918058335781,
    0.008299548178911209,
    0.00814927276223898,
    0.008030246011912823,
    0.007953643798828125,
    0.007887642830610275,
    0.007817788049578667,
    0.007741234265267849,
    0.007685926277190447,
    0.007627895567566156,
    0.007599813863635063,
    0.0075617204420268536,
    0.0074789077043533325,
    0.0073971739038825035,
    0.007371645420789719,
    0.007302684243768454,
    0.0072719561867415905,
    0.007214037235826254,
    0.0071907914243638515,
    0.00712148193269968,
    0.007063342723995447,
    0.007007217034697533,
    0.006945140194147825,
    0.006879528984427452,
    0.0068521457724273205,
    0.0067982482723891735,
    0.006676673423498869,
    0.006663375534117222,
    3261.091552734375,
    0.00796645600348711,
    0.00758397625759244,
    0.007411793805658817
  ],
  "val_loss": [
    0.009869126603007317,
    0.00920047890394926,
    0.008137309923768044,
    0.007434062194079161,
    0.006826902739703655,
    0.0066572194918990135,
    0.00673049408942461,
    0.006671271286904812,
    0.006413506809622049,
    0.0062142531387507915,
    0.006021300796419382,
    0.005682644434273243,
    0.0056510306894779205,
    0.005593159701675177,
    0.005337997805327177,
    0.005437524523586035,
    0.005198948085308075,
    0.005067361053079367,
    0.004634169861674309,
    0.004792709369212389,
    0.004572908394038677,
    0.0046390267089009285,
    0.004716308321803808,
    0.0045248595997691154,
    0.0046025170013308525,
    0.004486707504838705,
    0.00445511331781745,
    0.004502283874899149,
    0.004343280103057623,
    0.0043218242935836315,
    0.0042690616101026535,
    0.004328637383878231,
    0.004816841799765825,
    0.004743985366076231,
    0.004822240676730871,
    0.004740176256746054
  ],
  "val_mae": [
    0.0929047241806984,
    0.08903957158327103,
    0.08661169558763504,
    0.08340435475111008,
    0.08002525568008423,
    0.07886788994073868,
    0.07968737185001373,
    0.0791725441813469,
    0.07753772288560867,
    0.07641081511974335,
    0.0756283774971962,
    0.07318639755249023,
    0.07323532551527023,
    0.07233462482690811,
    0.07114579528570175,
    0.07131578773260117,
    0.06966812908649445,
    0.0686829537153244,
    0.06566323339939117,
    0.06639420986175537,
    0.0647253692150116,
    0.06510726362466812,
    0.06543975323438644,
    0.06381568312644958,
    0.06417811661958694,
    0.06348541378974915,
    0.06283614784479141,
    0.06308815628290176,
    0.06177135184407234,
    0.06137991324067116,
    0.06095774099230766,
    0.06138107553124428,
    0.06539244204759598,
    0.06432465463876724,
    0.06520692259073257,
    0.06493819504976273
  ],
  "val_mse": [
    0.019738253206014633,
    0.01840095780789852,
    0.016274619847536087,
    0.014868124388158321,
    0.01365380547940731,
    0.013314438983798027,
    0.01346098817884922,
    0.013342542573809624,
    0.012827013619244099,
    0.012428506277501583,
    0.012042601592838764,
    0.011365288868546486,
    0.011302061378955841,
    0.011186319403350353,
    0.010675995610654354,
    0.01087504904717207,
    0.01039789617061615,
    0.010134722106158733,
    0.009268339723348618,
    0.009585418738424778,
    0.009145816788077354,
    0.009278053417801857,
    0.009432616643607616,
    0.009049719199538231,
    0.009205034002661705,
    0.00897341500967741,
    0.0089102266356349,
    0.009004567749798298,
    0.008686560206115246,
    0.008643648587167263,
    0.008538123220205307,
    0.008657274767756462,
    0.00963368359953165,
    0.009487970732152462,
    0.009644481353461742,
    0.009480352513492107
  ]
}