{
  "loss": [
    0.020277615636587143,
    0.013159702531993389,
    0.010541382245719433,
    0.007010175846517086,
    0.007282113190740347,
    0.006796342320740223,
    0.005966683849692345,
    0.007295017130672932,
    0.006739131174981594,
    0.005189273506402969,
    0.00477294297888875
  ],
  "mae": [
    0.15211758017539978,
    0.1222701147198677,
    0.108782559633255,
    0.08695264160633087,
    0.08829185366630554,
    0.08553043007850647,
    0.07847411930561066,
    0.08766114711761475,
    0.08244485408067703,
    0.07209295779466629,
    0.06753186881542206
  ],
  "mse": [
    0.040555231273174286,
    0.026319405063986778,
    0.021082764491438866,
    0.014020351693034172,
    0.014564226381480694,
    0.013592684641480446,
    0.01193336769938469,
    0.014590034261345863,
    0.013478262349963188,
    0.010378547012805939,
    0.0095458859577775
  ],
  "val_loss": [
    0.015416309237480164,
    0.01545799057930708,
    0.01141699030995369,
    0.009346161969006062,
    0.01084074191749096,
    0.009224895387887955,
    0.012316836044192314,
    0.01106886938214302,
    0.01049473974853754,
    0.009732715785503387,
    0.009966503828763962
  ],
  "val_mae": [
    0.13032656908035278,
    0.1315074861049652,
    0.11703416705131531,
    0.10126681625843048,
    0.11036625504493713,
    0.10245354473590851,
    0.11858776956796646,
    0.10942430049180984,
    0.10573171079158783,
    0.10221333801746368,
    0.10337205231189728
  ],
  "val_mse": [
    0.030832618474960327,
    0.03091598115861416,
    0.02283398061990738,
    0.018692323938012123,
    0.02168148383498192,
    0.01844979077577591,
    0.02463367208838463,
    0.02213773876428604,
    0.02098947949707508,
    0.019465431571006775,
    0.019933007657527924
  ]
}