{
  "loss": [
    0.016741644591093063,
    0.007780769374221563,
    0.006394808180630207,
    0.007269632071256638,
    0.005952936597168446,
    0.006240814458578825,
    0.005684923380613327,
    0.005214344244450331,
    0.005016923416405916,
    0.005772201810032129,
    0.005657960195094347,
    0.00519483583047986,
    0.004673947114497423,
    0.00501834275200963
  ],
  "mae": [
    0.13501909375190735,
    0.09194963425397873,
    0.08161034435033798,
    0.08739340305328369,
    0.07709526270627975,
    0.07829485088586807,
    0.07506383955478668,
    0.07040134817361832,
    0.0692482590675354,
    0.07468801736831665,
    0.07399822026491165,
    0.07072382420301437,
    0.0654054507613182,
    0.06900028884410858
  ],
  "mse": [
    0.03348328918218613,
    0.015561538748443127,
    0.012789616361260414,
    0.014539307914674282,
    0.011905873194336891,
    0.01248162891715765,
    0.011369846761226654,
    0.010428688488900661,
    0.010033846832811832,
    0.011544403620064259,
    0.011315920390188694,
    0.01038967166095972,
    0.009347894228994846,
    0.01003668550401926
  ],
  "val_loss": [
    0.018706846982240677,
    0.017135966569185257,
    0.018784545361995697,
    0.01754544861614704,
    0.019777970388531685,
    0.01845693774521351,
    0.015973486006259918,
    0.019634073600172997,
    0.015640588477253914,
    0.020110178738832474,
    0.017993969842791557,
    0.016411857679486275,
    0.01846284605562687,
    0.017075784504413605
  ],
  "val_mae": [
    0.15414859354496002,
    0.13879646360874176,
    0.13644659519195557,
    0.14618073403835297,
    0.14942850172519684,
    0.14069050550460815,
    0.1272447109222412,
    0.1444559395313263,
    0.12339033931493759,
    0.14578136801719666,
    0.1372070610523224,
    0.1263291835784912,
    0.13892844319343567,
    0.12851622700691223
  ],
  "val_mse": [
    0.037413693964481354,
    0.034271933138370514,
    0.037569090723991394,
    0.03509089723229408,
    0.03955594077706337,
    0.03691387549042702,
    0.031946972012519836,
    0.03926814720034599,
    0.03128117695450783,
    0.04022035747766495,
    0.035987939685583115,
    0.03282371535897255,
    0.03692569211125374,
    0.03415156900882721
  ]
}