{
  "loss": [
    0.021704277023673058,
    0.009537707082927227,
    0.007353511173278093,
    0.006629739888012409,
    0.005954919848591089,
    0.005391077138483524,
    0.004815555643290281,
    0.004723730497062206
  ],
  "mae": [
    0.1416790783405304,
    0.09700097143650055,
    0.08544411510229111,
    0.07920477539300919,
    0.07348430901765823,
    0.06900954991579056,
    0.06436903774738312,
    0.0625411793589592
  ],
  "mse": [
    0.04340893402695656,
    0.019076192751526833,
    0.014707022346556187,
    0.013259479776024818,
    0.011909839697182178,
    0.010782154276967049,
    0.009631111286580563,
    0.009447460994124413
  ],
  "val_loss": [
    0.017733773216605186,
    0.022053267806768417,
    0.015289603732526302,
    0.016951467841863632,
    0.017152128741145134,
    0.018885904923081398,
    0.021225595846772194,
    0.017345406115055084
  ],
  "val_mae": [
    0.12646424770355225,
    0.14457349479198456,
    0.11857019364833832,
    0.12349208444356918,
    0.12329958379268646,
    0.12917166948318481,
    0.13651861250400543,
    0.12392544746398926
  ],
  "val_mse": [
    0.03546754643321037,
    0.044106535613536835,
    0.030579207465052605,
    0.033902935683727264,
    0.03430425748229027,
    0.037771809846162796,
    0.04245119169354439,
    0.03469081223011017
  ]
}