{
  "loss": [
    0.026122605428099632,
    0.012386984191834927,
    0.008783971890807152,
    0.00719127943739295,
    0.005853682290762663,
    0.006507012061774731,
    0.006023020949214697,
    0.005677153822034597,
    0.005265695508569479,
    0.004770130850374699,
    0.005247442051768303,
    0.005728363525122404,
    0.0048391446471214294,
    0.004607907496392727,
    0.004228514619171619,
    0.0043985419906675816,
    0.0055122519843280315,
    0.004370687063783407
  ],
  "mae": [
    0.16066426038742065,
    0.11398763209581375,
    0.0949162170290947,
    0.08486980199813843,
    0.07522113621234894,
    0.07736600190401077,
    0.07409314811229706,
    0.07058165967464447,
    0.06721869111061096,
    0.06334494799375534,
    0.06629849970340729,
    0.06892607361078262,
    0.0629347637295723,
    0.060932353138923645,
    0.05803977698087692,
    0.05871197208762169,
    0.06648766249418259,
    0.05851048231124878
  ],
  "mse": [
    0.052245210856199265,
    0.024773968383669853,
    0.017567943781614304,
    0.0143825588747859,
    0.011707364581525326,
    0.013014024123549461,
    0.012046041898429394,
    0.011354307644069195,
    0.010531391017138958,
    0.009540261700749397,
    0.010494884103536606,
    0.011456727050244808,
    0.009678289294242859,
    0.009215814992785454,
    0.008457029238343239,
    0.008797083981335163,
    0.011024503968656063,
    0.008741374127566814
  ],
  "val_loss": [
    0.014908879064023495,
    0.013572091236710548,
    0.011470659635961056,
    0.011181071400642395,
    0.009754654951393604,
    0.013928895816206932,
    0.010709709487855434,
    0.00968304742127657,
    0.011192336678504944,
    0.010282863862812519,
    0.011035379953682423,
    0.011484174057841301,
    0.009634468704462051,
    0.01058831438422203,
    0.010047533549368382,
    0.012500254437327385,
    0.010743374936282635,
    0.010007869452238083
  ],
  "val_mae": [
    0.1201721653342247,
    0.11414654552936554,
    0.10756533592939377,
    0.10679112374782562,
    0.10022657364606857,
    0.10963356494903564,
    0.10213419049978256,
    0.09794849157333374,
    0.10372182726860046,
    0.10003243386745453,
    0.10057764500379562,
    0.10520004481077194,
    0.09714151173830032,
    0.10116574913263321,
    0.09810478240251541,
    0.10304147750139236,
    0.10313165187835693,
    0.0980508029460907
  ],
  "val_mse": [
    0.02981775812804699,
    0.027144182473421097,
    0.02294131927192211,
    0.02236214280128479,
    0.01950930990278721,
    0.027857791632413864,
    0.02141941897571087,
    0.01936609484255314,
    0.022384673357009888,
    0.020565727725625038,
    0.022070759907364845,
    0.022968348115682602,
    0.019268937408924103,
    0.02117662876844406,
    0.020095067098736763,
    0.02500050887465477,
    0.02148674987256527,
    0.020015738904476166
  ]
}