{
  "loss": [
    0.005862236488610506,
    0.004806297831237316,
    0.004512459505349398,
    0.004269502591341734,
    0.004088136367499828,
    0.003972344566136599,
    0.003893499029800296,
    0.0038359372410923243,
    0.003758220002055168,
    0.0037031874526292086,
    0.003633212298154831,
    0.003577735973522067,
    0.0035509972367435694,
    0.0034673260524868965,
    0.0034358231350779533,
    0.0033737197518348694,
    0.003385796444490552,
    0.003342192154377699,
    0.0032943645492196083,
    0.0032304530031979084,
    0.003191158873960376,
    0.0031181906815618277,
    0.004290265031158924,
    0.008475707843899727,
    0.008736226707696915,
    0.0076963757164776325
  ],
  "mae": [
    0.07384536415338516,
    0.0645478144288063,
    0.061356108635663986,
    0.05893421545624733,
    0.057206809520721436,
    0.05612162500619888,
    0.055365778505802155,
    0.054935697466135025,
    0.054225340485572815,
    0.05383049696683884,
    0.05328390747308731,
    0.05285228043794632,
    0.05277290567755699,
    0.052002549171447754,
    0.05178508162498474,
    0.051403872668743134,
    0.051636092364788055,
    0.05118580907583237,
    0.050872426480054855,
    0.050386156886816025,
    0.05016333609819412,
    0.04966021701693535,
    0.058405715972185135,
    0.0914122462272644,
    0.09239892661571503,
    0.08511439710855484
  ],
  "mse": [
    0.011724474839866161,
    0.009612595662474632,
    0.009024919010698795,
    0.008539005182683468,
    0.008176272734999657,
    0.007944689132273197,
    0.007786998059600592,
    0.0076718744821846485,
    0.007516440004110336,
    0.007406374905258417,
    0.007266424596309662,
    0.007155471947044134,
    0.007101994473487139,
    0.006934652104973793,
    0.006871646270155907,
    0.006747439503669739,
    0.006771592888981104,
    0.006684384308755398,
    0.006588729098439217,
    0.006460906006395817,
    0.006382317747920752,
    0.006236381363123655,
    0.008580530062317848,
    0.016951415687799454,
    0.01747245341539383,
    0.015392751432955265
  ],
  "val_loss": [
    0.009855123236775398,
    0.009993739426136017,
    0.009257446974515915,
    0.008429748937487602,
    0.007937402464449406,
    0.007542694453150034,
    0.007222637068480253,
    0.0069627887569367886,
    0.006695107091218233,
    0.0064598023891448975,
    0.006281701847910881,
    0.005907619372010231,
    0.005863206461071968,
    0.005453730467706919,
    0.005388605408370495,
    0.005300769116729498,
    0.005226859822869301,
    0.004950852133333683,
    0.004993060603737831,
    0.004972859751433134,
    0.00463104760274291,
    0.004659155383706093,
    0.017015812918543816,
    0.011031780391931534,
    0.014402885921299458,
    0.010934727266430855
  ],
  "val_mae": [
    0.09642015397548676,
    0.0943758636713028,
    0.08855876326560974,
    0.08389807492494583,
    0.08145292103290558,
    0.07940486073493958,
    0.07814902067184448,
    0.07629305124282837,
    0.07476971298456192,
    0.0736515074968338,
    0.07259667664766312,
    0.06998502463102341,
    0.06941811740398407,
    0.06685851514339447,
    0.0666009858250618,
    0.0654069259762764,
    0.06549819558858871,
    0.06384662538766861,
    0.06317496299743652,
    0.06278958916664124,
    0.06105902045965195,
    0.06079471856355667,
    0.1373371034860611,
    0.10225994139909744,
    0.12034096568822861,
    0.10025910288095474
  ],
  "val_mse": [
    0.019710246473550797,
    0.019987478852272034,
    0.01851489394903183,
    0.016859497874975204,
    0.01587480492889881,
    0.015085388906300068,
    0.014445274136960506,
    0.013925577513873577,
    0.013390214182436466,
    0.012919604778289795,
    0.012563403695821762,
    0.011815238744020462,
    0.011726412922143936,
    0.010907460935413837,
    0.01077721081674099,
    0.010601538233458996,
    0.010453719645738602,
    0.009901704266667366,
    0.009986121207475662,
    0.009945719502866268,
    0.00926209520548582,
    0.009318310767412186,
    0.03403162583708763,
    0.022063560783863068,
    0.028805771842598915,
    0.02186945453286171
  ]
}