{
  "loss": [
    0.01316195260733366,
    0.010531244799494743,
    0.009768996387720108,
    0.006673182360827923,
    0.0056059230118989944,
    0.005674399901181459,
    0.005035289563238621,
    0.004569863900542259,
    0.004440967459231615,
    0.004569725599139929,
    0.004087210167199373,
    0.004264245741069317,
    0.005388089921325445,
    0.004237362649291754,
    0.0043881721794605255,
    0.004073926713317633,
    0.005174020305275917,
    0.004798516631126404,
    0.004291832447052002
  ],
  "mae": [
    0.12021904438734055,
    0.10562839359045029,
    0.10185828059911728,
    0.0825897753238678,
    0.07425815612077713,
    0.07399319857358932,
    0.06912849098443985,
    0.0646776407957077,
    0.06361015141010284,
    0.06387432664632797,
    0.06066731736063957,
    0.061210405081510544,
    0.07067294418811798,
    0.06027282029390335,
    0.06154072657227516,
    0.05906502157449722,
    0.06821295619010925,
    0.06527435779571533,
    0.060816071927547455
  ],
  "mse": [
    0.02632390521466732,
    0.021062489598989487,
    0.019537992775440216,
    0.013346364721655846,
    0.011211846023797989,
    0.011348799802362919,
    0.010070579126477242,
    0.009139727801084518,
    0.00888193491846323,
    0.009139451198279858,
    0.008174420334398746,
    0.008528491482138634,
    0.01077617984265089,
    0.008474725298583508,
    0.008776344358921051,
    0.008147853426635265,
    0.010348040610551834,
    0.009597033262252808,
    0.008583664894104004
  ],
  "val_loss": [
    0.024772856384515762,
    0.02266737073659897,
    0.020470120012760162,
    0.01709393784403801,
    0.020855316892266273,
    0.01708141341805458,
    0.0208889227360487,
    0.017610246315598488,
    0.017638305202126503,
    0.017058618366718292,
    0.018221450969576836,
    0.018312577158212662,
    0.018925398588180542,
    0.016386544331908226,
    0.01676204241812229,
    0.020334241911768913,
    0.020975079387426376,
    0.01732359267771244,
    0.0177590511739254
  ],
  "val_mae": [
    0.15110060572624207,
    0.14109115302562714,
    0.15023773908615112,
    0.12497542798519135,
    0.13302722573280334,
    0.1205960363149643,
    0.13196030259132385,
    0.12633009254932404,
    0.12417207658290863,
    0.12848564982414246,
    0.126771941781044,
    0.12732374668121338,
    0.13002239167690277,
    0.12266995757818222,
    0.12460970133543015,
    0.14335085451602936,
    0.13648025691509247,
    0.11851385980844498,
    0.11949240416288376
  ],
  "val_mse": [
    0.049545712769031525,
    0.04533474147319794,
    0.040940240025520325,
    0.03418787568807602,
    0.04171063378453255,
    0.03416282683610916,
    0.0417778454720974,
    0.035220492631196976,
    0.035276610404253006,
    0.034117236733436584,
    0.03644290193915367,
    0.036625154316425323,
    0.037850797176361084,
    0.03277308866381645,
    0.03352408483624458,
    0.04066848382353783,
    0.04195015877485275,
    0.03464718535542488,
    0.0355181023478508
  ]
}