{
  "loss": [
    0.019213812425732613,
    0.009859894402325153,
    0.00718965008854866,
    0.006767602171748877,
    0.006564818322658539,
    0.006461717188358307,
    0.0068764593452215195,
    0.006657628808170557
  ],
  "mae": [
    0.13999579846858978,
    0.09752827882766724,
    0.08377321064472198,
    0.07834640890359879,
    0.07726673036813736,
    0.07539163529872894,
    0.07668904960155487,
    0.07482312619686127
  ],
  "mse": [
    0.038427695631980896,
    0.019719788804650307,
    0.01437930017709732,
    0.013535204343497753,
    0.013129636645317078,
    0.012923434376716614,
    0.013752918690443039,
    0.013315257616341114
  ],
  "val_loss": [
    0.020685561001300812,
    0.019462263211607933,
    0.013956411741673946,
    0.01695273257791996,
    0.017439667135477066,
    0.01598414219915867,
    0.018165184184908867,
    0.017375260591506958
  ],
  "val_mae": [
    0.14196525514125824,
    0.13529370725154877,
    0.11806721240282059,
    0.12852716445922852,
    0.1318209320306778,
    0.12530973553657532,
    0.13084501028060913,
    0.12834259867668152
  ],
  "val_mse": [
    0.04137112945318222,
    0.038924526423215866,
    0.027912823483347893,
    0.03390546515583992,
    0.03487933427095413,
    0.03196828439831734,
    0.036330368369817734,
    0.034750521183013916
  ]
}