{
  "loss": [
    0.00564340315759182,
    0.004885697737336159,
    0.004655448719859123,
    0.004485397133976221,
    0.004252433776855469,
    0.004120640456676483,
    0.004052760545164347,
    0.003979284316301346,
    0.00394512340426445,
    0.0038833001162856817,
    0.0038687644992023706,
    0.0038083044346421957,
    0.0037625592667609453,
    0.0037216751370579004,
    0.003678737673908472,
    0.003658604808151722,
    0.0036258602049201727,
    0.0035891265142709017,
    0.0035293635446578264,
    0.003538436023518443,
    0.003456657752394676,
    0.003430076176300645,
    0.003379944246262312,
    0.0033701902721077204,
    0.0033141172025352716,
    0.0032656046096235514,
    0.0032499912194907665,
    0.0032543791458010674
  ],
  "mae": [
    0.06901633739471436,
    0.0634431391954422,
    0.06186598539352417,
    0.060581739991903305,
    0.05872184410691261,
    0.05743098258972168,
    0.05671010538935661,
    0.05605250969529152,
    0.05571194738149643,
    0.055117975920438766,
    0.05493055284023285,
    0.05441316217184067,
    0.054020870476961136,
    0.05365564301609993,
    0.05328788608312607,
    0.05308050662279129,
    0.05284285172820091,
    0.052484821528196335,
    0.052021317183971405,
    0.05211050063371658,
    0.05149052292108536,
    0.05132097005844116,
    0.05097386986017227,
    0.05084596946835518,
    0.050475459545850754,
    0.0501309297978878,
    0.05000897869467735,
    0.05008622258901596
  ],
  "mse": [
    0.01128680631518364,
    0.009771395474672318,
    0.009310897439718246,
    0.008970794267952442,
    0.008504867553710938,
    0.008241280913352966,
    0.008105521090328693,
    0.007958568632602692,
    0.0078902468085289,
    0.0077666002325713634,
    0.007737528998404741,
    0.007616608869284391,
    0.007525118533521891,
    0.007443350274115801,
    0.007357475347816944,
    0.007317209616303444,
    0.007251720409840345,
    0.007178253028541803,
    0.007058727089315653,
    0.007076872047036886,
    0.006913315504789352,
    0.00686015235260129,
    0.006759888492524624,
    0.006740380544215441,
    0.006628234405070543,
    0.006531209219247103,
    0.006499982438981533,
    0.006508758291602135
  ],
  "val_loss": [
    0.009898954071104527,
    0.009184672497212887,
    0.008628541603684425,
    0.007883191108703613,
    0.007176232524216175,
    0.006849272176623344,
    0.006728826556354761,
    0.006441453471779823,
    0.00621741684153676,
    0.006126237101852894,
    0.006226660683751106,
    0.005821733269840479,
    0.005565987899899483,
    0.005218803882598877,
    0.0049646575935184956,
    0.004818898160010576,
    0.004717991221696138,
    0.0047672707587480545,
    0.004431704059243202,
    0.004259380977600813,
    0.004004809074103832,
    0.004150234628468752,
    0.003945334814488888,
    0.004019630141556263,
    0.003980544861406088,
    0.004049547482281923,
    0.004033226985484362,
    0.003991656005382538
  ],
  "val_mae": [
    0.09287387877702713,
    0.09101008623838425,
    0.08940441906452179,
    0.08659577369689941,
    0.08269332349300385,
    0.08103626221418381,
    0.08011423796415329,
    0.07820412516593933,
    0.07717407494783401,
    0.07642710208892822,
    0.0767902210354805,
    0.07412857562303543,
    0.07153531163930893,
    0.06979922950267792,
    0.06809352338314056,
    0.06698425859212875,
    0.06602641940116882,
    0.06560799479484558,
    0.06338369846343994,
    0.06125200539827347,
    0.059929948300123215,
    0.06055004149675369,
    0.059008121490478516,
    0.05942423269152641,
    0.059134822338819504,
    0.05891241505742073,
    0.05865078791975975,
    0.05877161771059036
  ],
  "val_mse": [
    0.019797908142209053,
    0.018369344994425774,
    0.01725708320736885,
    0.015766382217407227,
    0.01435246504843235,
    0.013698544353246689,
    0.013457653112709522,
    0.012882906943559647,
    0.01243483368307352,
    0.012252474203705788,
    0.012453321367502213,
    0.011643466539680958,
    0.011131975799798965,
    0.010437607765197754,
    0.009929315187036991,
    0.009637796320021152,
    0.009435982443392277,
    0.009534541517496109,
    0.008863408118486404,
    0.008518761955201626,
    0.008009618148207664,
    0.008300469256937504,
    0.007890669628977776,
    0.008039260283112526,
    0.007961089722812176,
    0.008099094964563847,
    0.008066453970968723,
    0.007983312010765076
  ]
}