{
  "loss": [
    0.019390815868973732,
    0.008154197596013546,
    0.005914388690143824,
    0.005778240505605936,
    0.005479056388139725,
    0.00523773767054081
  ],
  "mae": [
    0.13516093790531158,
    0.08831621706485748,
    0.0737214908003807,
    0.07042672485113144,
    0.06625469774007797,
    0.06364928185939789
  ],
  "mse": [
    0.038781631737947464,
    0.016308574005961418,
    0.011828777380287647,
    0.011556481011211872,
    0.01095811277627945,
    0.01047547534108162
  ],
  "val_loss": [
    0.014595539309084415,
    0.015857448801398277,
    0.015672700479626656,
    0.02080470882356167,
    0.01665549725294113,
    0.016362564638257027
  ],
  "val_mae": [
    0.11413665115833282,
    0.11916235089302063,
    0.11963348090648651,
    0.13130107522010803,
    0.12144667655229568,
    0.1199411079287529
  ],
  "val_mse": [
    0.02919107861816883,
    0.031714897602796555,
    0.03134540095925331,
    0.04160941764712334,
    0.03331099450588226,
    0.03272512927651405
  ]
}