{
  "loss": [
    0.016991399228572845,
    0.011647055856883526,
    0.006444968748837709,
    0.005336174741387367,
    0.005064173601567745,
    0.004865667317062616,
    0.004639091901481152,
    0.004831235855817795,
    0.00499257817864418,
    0.0052119106985628605
  ],
  "mae": [
    0.12495408207178116,
    0.10612032562494278,
    0.07921802997589111,
    0.06954526156187057,
    0.06548263132572174,
    0.06314326822757721,
    0.06069832295179367,
    0.0614745207130909,
    0.06216564029455185,
    0.06318126618862152
  ],
  "mse": [
    0.03398284688591957,
    0.02329411171376705,
    0.012889937497675419,
    0.010672349482774734,
    0.01012834720313549,
    0.009731334634125233,
    0.009278183802962303,
    0.00966247171163559,
    0.00998515635728836,
    0.010423821397125721
  ],
  "val_loss": [
    0.019890600815415382,
    0.016898510977625847,
    0.01648103818297386,
    0.01669016294181347,
    0.015240157954394817,
    0.016186747699975967,
    0.016768895089626312,
    0.016237491741776466,
    0.021651772782206535,
    0.01682325266301632
  ],
  "val_mae": [
    0.12722280621528625,
    0.12246813625097275,
    0.1193351000547409,
    0.11650913208723068,
    0.11451056599617004,
    0.120094895362854,
    0.11901074647903442,
    0.11613155901432037,
    0.12978661060333252,
    0.11706626415252686
  ],
  "val_mse": [
    0.039781201630830765,
    0.033797021955251694,
    0.03296207636594772,
    0.03338032588362694,
    0.030480315908789635,
    0.032373495399951935,
    0.033537790179252625,
    0.03247498348355293,
    0.04330354556441307,
    0.03364650532603264
  ]
}