{
  "loss": [
    0.01722859777510166,
    0.007786970119923353,
    0.006430954206734896,
    0.006564249284565449,
    0.005415901076048613,
    0.006779863499104977,
    0.0049330564215779305,
    0.004873658996075392,
    0.00445476733148098,
    0.004902240354567766,
    0.004764497745782137,
    0.004202856216579676,
    0.004197793547064066,
    0.003982938826084137,
    0.003850335953757167
  ],
  "mae": [
    0.13323082029819489,
    0.08872368186712265,
    0.07909679412841797,
    0.07891131192445755,
    0.07071568071842194,
    0.07805496454238892,
    0.06663117557764053,
    0.06501926481723785,
    0.061520129442214966,
    0.0640224739909172,
    0.06317249685525894,
    0.05853617936372757,
    0.05831258371472359,
    0.056056853383779526,
    0.0547555647790432
  ],
  "mse": [
    0.03445719555020332,
    0.015573940239846706,
    0.012861908413469791,
    0.013128498569130898,
    0.010831802152097225,
    0.013559726998209953,
    0.009866112843155861,
    0.009747317992150784,
    0.00890953466296196,
    0.009804480709135532,
    0.009528995491564274,
    0.008405712433159351,
    0.008395587094128132,
    0.007965877652168274,
    0.007700671907514334
  ],
  "val_loss": [
    0.020334960892796516,
    0.020323621109128,
    0.022315025329589844,
    0.02304132468998432,
    0.024588316679000854,
    0.020189793780446053,
    0.02623310498893261,
    0.0235254168510437,
    0.027744418010115623,
    0.0179720688611269,
    0.01999305933713913,
    0.026311708614230156,
    0.029210012406110764,
    0.028042083606123924,
    0.02647828683257103
  ],
  "val_mae": [
    0.13759255409240723,
    0.13567642867565155,
    0.14260780811309814,
    0.1437516063451767,
    0.14881297945976257,
    0.13732704520225525,
    0.1516665369272232,
    0.14429214596748352,
    0.15621626377105713,
    0.12926819920539856,
    0.13464941084384918,
    0.15139125287532806,
    0.1603390872478485,
    0.15591298043727875,
    0.1518462747335434
  ],
  "val_mse": [
    0.04066992178559303,
    0.040647242218256,
    0.04463005065917969,
    0.04608264937996864,
    0.04917663335800171,
    0.040379587560892105,
    0.05246620997786522,
    0.0470508337020874,
    0.05548883602023125,
    0.0359441377222538,
    0.03998611867427826,
    0.05262341722846031,
    0.05842002481222153,
    0.05608416721224785,
    0.05295657366514206
  ]
}