{
  "loss": [
    0.021471064537763596,
    0.00979695562273264,
    0.008424987085163593,
    0.006286249496042728,
    0.005687032826244831,
    0.005277502350509167,
    0.004913777578622103,
    0.0049618990160524845
  ],
  "mae": [
    0.14281879365444183,
    0.10073438286781311,
    0.0897427424788475,
    0.07696577161550522,
    0.07173208892345428,
    0.06768715381622314,
    0.064150869846344,
    0.06365688145160675
  ],
  "mse": [
    0.04294212907552719,
    0.01959391124546528,
    0.01685018092393875,
    0.012572498992085457,
    0.011374065652489662,
    0.010555004701018333,
    0.009827555157244205,
    0.009923798032104969
  ],
  "val_loss": [
    0.01781151071190834,
    0.01846770942211151,
    0.016719210892915726,
    0.01849007047712803,
    0.01751795969903469,
    0.01779147982597351,
    0.018201816827058792,
    0.01705574430525303
  ],
  "val_mae": [
    0.12502889335155487,
    0.12923289835453033,
    0.12371914833784103,
    0.12818004190921783,
    0.12526780366897583,
    0.12483412772417068,
    0.12657956779003143,
    0.12268104404211044
  ],
  "val_mse": [
    0.03562302142381668,
    0.03693541884422302,
    0.03343842178583145,
    0.03698014095425606,
    0.03503591939806938,
    0.03558295965194702,
    0.036403633654117584,
    0.03411148861050606
  ]
}