{
  "loss": [
    0.005666582845151424,
    0.004861944820731878,
    0.00463776383548975,
    0.004423107951879501,
    0.004244367126375437,
    0.004113714210689068,
    0.004027866758406162,
    0.003975631669163704,
    0.003938594833016396,
    0.0038875406607985497,
    0.0038481394294649363,
    0.0038204698357731104,
    0.003786711022257805,
    0.003755587385967374,
    0.0037036689464002848,
    0.0036641196347773075,
    0.003617658279836178,
    0.0035898808855563402,
    0.0035550836473703384,
    0.0035277146380394697,
    0.0034758197143673897,
    0.0034500507172197104,
    0.0034298168029636145,
    0.0033958875574171543,
    0.0033581843599677086,
    0.0033057425171136856,
    0.003293926129117608,
    0.003272003959864378,
    0.0032372544519603252,
    0.003237017896026373,
    0.0031909015960991383,
    0.0031381663866341114,
    0.00312441517598927,
    0.0030993742402642965,
    0.003063528798520565,
    0.0030497084371745586,
    0.003027811646461487,
    0.0029975553043186665,
    0.003000727854669094,
    0.0029505298007279634,
    60005.18359375,
    0.0032048122957348824,
    0.0030640503391623497,
    0.0030033939983695745,
    0.0029463106766343117,
    0.002916197758167982,
    0.002873437013477087,
    0.002829140517860651
  ],
  "mae": [
    0.06923451274633408,
    0.06315510720014572,
    0.06161575764417648,
    0.06009422242641449,
    0.05861569941043854,
    0.05736260488629341,
    0.05646431818604469,
    0.05587954819202423,
    0.05552338436245918,
    0.055079568177461624,
    0.05473673716187477,
    0.054481200873851776,
    0.05421406030654907,
    0.053924597799777985,
    0.05345651134848595,
    0.053197938948869705,
    0.05277509242296219,
    0.05256335809826851,
    0.05230172351002693,
    0.05200441926717758,
    0.05164025351405144,
    0.05145784094929695,
    0.051256075501441956,
    0.051038894802331924,
    0.0507420152425766,
    0.05033513158559799,
    0.05024722218513489,
    0.05003269761800766,
    0.049781087785959244,
    0.0497441291809082,
    0.049474697560071945,
    0.04906541481614113,
    0.048995036631822586,
    0.048802100121974945,
    0.04853617772459984,
    0.04841211065649986,
    0.048230454325675964,
    0.04799680784344673,
    0.04802495986223221,
    0.04764013737440109,
    60005.19921875,
    0.0498238280415535,
    0.04870656505227089,
    0.04826001450419426,
    0.04781772196292877,
    0.04758315905928612,
    0.04728246107697487,
    0.04699674993753433
  ],
  "mse": [
    0.011333166621625423,
    0.009723889641463757,
    0.0092755276709795,
    0.008846215903759003,
    0.008488734252750874,
    0.008227428421378136,
    0.008055733516812325,
    0.007951263338327408,
    0.007877189666032791,
    0.007775081321597099,
    0.0076962788589298725,
    0.007640939671546221,
    0.00757342204451561,
    0.007511174771934748,
    0.0074073378928005695,
    0.007328239269554615,
    0.007235316559672356,
    0.0071797617711126804,
    0.007110167294740677,
    0.0070554292760789394,
    0.006951639428734779,
    0.006900101434439421,
    0.006859633605927229,
    0.006791775114834309,
    0.006716368719935417,
    0.006611485034227371,
    0.006587852258235216,
    0.006544007919728756,
    0.0064745089039206505,
    0.006474035792052746,
    0.006381871644407511,
    0.006276332773268223,
    0.00624883035197854,
    0.006198748480528593,
    0.00612705759704113,
    0.006099416874349117,
    0.006055624224245548,
    0.005995110608637333,
    0.006001455709338188,
    0.005901059601455927,
    746426325794816.0,
    0.006409624591469765,
    0.006128100678324699,
    0.006006787996739149,
    0.005892621353268623,
    0.005832395516335964,
    0.005746874026954174,
    0.005658281035721302
  ],
  "val_loss": [
    0.009883146733045578,
    0.008843219839036465,
    0.008044647052884102,
    0.0075073810294270515,
    0.006981224752962589,
    0.006597709376364946,
    0.0064812274649739265,
    0.006265066564083099,
    0.006024559494107962,
    0.005883002188056707,
    0.005866845604032278,
    0.005737764295190573,
    0.005425162147730589,
    0.005518975667655468,
    0.005453765392303467,
    0.0052409665659070015,
    0.00500517850741744,
    0.005246331449598074,
    0.00502834701910615,
    0.005279304925352335,
    0.004886344540864229,
    0.004729908891022205,
    0.004648901987820864,
    0.004601111635565758,
    0.0046868654899299145,
    0.00465930113568902,
    0.004500459413975477,
    0.004745996091514826,
    0.004490453749895096,
    0.00451653404161334,
    0.004408257082104683,
    0.004597486462444067,
    0.004680986516177654,
    0.004446456674486399,
    0.00454516988247633,
    0.004365293774753809,
    0.004167965147644281,
    0.00438617542386055,
    0.004207776393741369,
    0.004157855175435543,
    0.004379508551210165,
    0.004025628324598074,
    0.0039687203243374825,
    0.003976740874350071,
    0.004012262914329767,
    0.004079981707036495,
    0.004135206341743469,
    0.004152233246713877
  ],
  "val_mae": [
    0.09308308362960815,
    0.08973828703165054,
    0.08603473752737045,
    0.08483892679214478,
    0.08225275576114655,
    0.07978295534849167,
    0.07835327833890915,
    0.07676150649785995,
    0.07499794661998749,
    0.0737195685505867,
    0.07411956787109375,
    0.07289136201143265,
    0.0716642290353775,
    0.07194793969392776,
    0.07145380228757858,
    0.07048095017671585,
    0.06837191432714462,
    0.06963984668254852,
    0.06789124757051468,
    0.06973554193973541,
    0.0667371153831482,
    0.06563524156808853,
    0.06538542360067368,
    0.06492383778095245,
    0.06465571373701096,
    0.0646590143442154,
    0.06348873674869537,
    0.06487910449504852,
    0.0632343515753746,
    0.06408999115228653,
    0.06269287317991257,
    0.06325246393680573,
    0.06425201892852783,
    0.06263541430234909,
    0.06355510652065277,
    0.0614221952855587,
    0.060409415513277054,
    0.06119818612933159,
    0.05994483456015587,
    0.059681057929992676,
    0.06330959498882294,
    0.058661896735429764,
    0.057698432356119156,
    0.057860299944877625,
    0.05793613940477371,
    0.05874423310160637,
    0.05810839682817459,
    0.05863972380757332
  ],
  "val_mse": [
    0.019766293466091156,
    0.01768643967807293,
    0.016089294105768204,
    0.015014762058854103,
    0.013962449505925179,
    0.013195418752729893,
    0.012962454929947853,
    0.012530133128166199,
    0.012049118988215923,
    0.011766004376113415,
    0.011733691208064556,
    0.011475528590381145,
    0.010850324295461178,
    0.011037951335310936,
    0.010907530784606934,
    0.010481933131814003,
    0.01001035701483488,
    0.010492662899196148,
    0.0100566940382123,
    0.01055860985070467,
    0.009772689081728458,
    0.00945981778204441,
    0.009297803975641727,
    0.009202223271131516,
    0.009373730979859829,
    0.00931860227137804,
    0.009000918827950954,
    0.009491992183029652,
    0.008980907499790192,
    0.00903306808322668,
    0.008816514164209366,
    0.009194972924888134,
    0.009361973032355309,
    0.008892913348972797,
    0.00909033976495266,
    0.008730587549507618,
    0.008335930295288563,
    0.0087723508477211,
    0.008415552787482738,
    0.008315710350871086,
    0.00875901710242033,
    0.008051256649196148,
    0.007937440648674965,
    0.007953481748700142,
    0.008024525828659534,
    0.00815996341407299,
    0.008270412683486938,
    0.008304466493427753
  ]
}