{
  "loss": [
    0.019921166822314262,
    0.008491761982440948,
    0.00663593877106905,
    0.005469495430588722,
    0.005756596568971872,
    0.0048395367339253426,
    0.004829529207199812,
    0.004600033164024353,
    0.0048554884269833565,
    0.0048983036540448666,
    0.0041031185537576675,
    0.004652921110391617
  ],
  "mae": [
    0.1356787532567978,
    0.09166574478149414,
    0.07741254568099976,
    0.06877786666154861,
    0.06862840056419373,
    0.062376391142606735,
    0.060598552227020264,
    0.059109628200531006,
    0.05942085012793541,
    0.059166163206100464,
    0.053589124232530594,
    0.05644405260682106
  ],
  "mse": [
    0.039842333644628525,
    0.016984064131975174,
    0.0132718775421381,
    0.010938990861177444,
    0.011513193137943745,
    0.009679073467850685,
    0.009659058414399624,
    0.009200066328048706,
    0.009710976853966713,
    0.009796607308089733,
    0.008206237107515335,
    0.009305842220783234
  ],
  "val_loss": [
    0.016654236242175102,
    0.01777222380042076,
    0.017910532653331757,
    0.01586231216788292,
    0.015473178587853909,
    0.01744282990694046,
    0.015079237520694733,
    0.021903524175286293,
    0.016781091690063477,
    0.01773788034915924,
    0.01922670193016529,
    0.018192043527960777
  ],
  "val_mae": [
    0.12181734293699265,
    0.12543374300003052,
    0.12526626884937286,
    0.11865130811929703,
    0.11785294115543365,
    0.12332039326429367,
    0.11630863696336746,
    0.1353154480457306,
    0.12202140688896179,
    0.12449965626001358,
    0.12896551191806793,
    0.12624746561050415
  ],
  "val_mse": [
    0.033308472484350204,
    0.03554444760084152,
    0.03582106530666351,
    0.03172462433576584,
    0.030946357175707817,
    0.03488565981388092,
    0.030158475041389465,
    0.043807048350572586,
    0.03356218338012695,
    0.03547576069831848,
    0.03845340386033058,
    0.036384087055921555
  ]
}