{
  "loss": [
    0.005792585201561451,
    0.004777836613357067,
    0.004496511537581682,
    0.004301355220377445,
    0.004149171523749828,
    0.004030040465295315,
    0.003935180138796568,
    0.0038577455561608076,
    0.003796745790168643,
    0.00371838198043406,
    0.0036656635347753763,
    0.003606760408729315,
    0.003539240686222911,
    0.003495402866974473,
    0.0034459014423191547,
    0.003416190855205059,
    0.0033607608638703823,
    0.003341434057801962,
    0.003302647965028882,
    0.0032321622129529715,
    0.003187773749232292,
    0.0031480316538363695,
    0.0030750450678169727,
    0.00299289938993752,
    0.002928369212895632,
    0.002870438387617469,
    0.002799342619255185,
    0.0027570542879402637,
    0.0026729891542345285,
    0.0025996037293225527,
    0.0026211575604975224,
    0.0024664609227329493,
    0.002395886927843094,
    0.00505386246368289
  ],
  "mae": [
    0.07323230803012848,
    0.06415210664272308,
    0.061251189559698105,
    0.059284284710884094,
    0.05786949768662453,
    0.05672910436987877,
    0.05591525882482529,
    0.05516255274415016,
    0.05462560057640076,
    0.053996067494153976,
    0.053538158535957336,
    0.053053975105285645,
    0.052550096064805984,
    0.052176583558321,
    0.051737166941165924,
    0.05159550532698631,
    0.05119428411126137,
    0.0510530024766922,
    0.05066900700330734,
    0.05023699626326561,
    0.04999437928199768,
    0.049716293811798096,
    0.04927634820342064,
    0.04874851554632187,
    0.04833626747131348,
    0.04795600101351738,
    0.0475071482360363,
    0.047266457229852676,
    0.046593520790338516,
    0.046100914478302,
    0.046216659247875214,
    0.04504876211285591,
    0.044570863246917725,
    0.06503980606794357
  ],
  "mse": [
    0.011585171334445477,
    0.009555673226714134,
    0.008993023075163364,
    0.00860271044075489,
    0.008298343047499657,
    0.00806008093059063,
    0.007870360277593136,
    0.007715491112321615,
    0.007593491580337286,
    0.00743676396086812,
    0.007331327069550753,
    0.00721352081745863,
    0.007078481372445822,
    0.006990805733948946,
    0.0068918028846383095,
    0.006832381710410118,
    0.006721521727740765,
    0.006682868115603924,
    0.006605325732380152,
    0.006464324425905943,
    0.006375547498464584,
    0.006296063307672739,
    0.0061500901356339455,
    0.00598579877987504,
    0.005856738425791264,
    0.005740876775234938,
    0.00559868523851037,
    0.0055141085758805275,
    0.005345978308469057,
    0.005199207458645105,
    0.005242315120995045,
    0.0049329218454658985,
    0.004791773855686188,
    0.01010772492736578
  ],
  "val_loss": [
    0.010298807173967361,
    0.010607989504933357,
    0.009847077541053295,
    0.00940732005983591,
    0.008889890275895596,
    0.008372650481760502,
    0.007976864464581013,
    0.007462345529347658,
    0.0069579449482262135,
    0.006540367379784584,
    0.006247020326554775,
    0.0058827451430261135,
    0.005540130194276571,
    0.0053441645577549934,
    0.005150627810508013,
    0.005223611369729042,
    0.0048594060353934765,
    0.004588435869663954,
    0.004532077815383673,
    0.004544825293123722,
    0.004471283871680498,
    0.00461761886253953,
    0.004464142490178347,
    0.004343690350651741,
    0.004231813829392195,
    0.00426906393840909,
    0.004200413357466459,
    0.004467227961868048,
    0.004098855424672365,
    0.0042180330492556095,
    0.004262977279722691,
    0.004443345125764608,
    0.0045320577919483185,
    0.011548026464879513
  ],
  "val_mae": [
    0.09853300452232361,
    0.09743806719779968,
    0.09141980111598969,
    0.08819906413555145,
    0.08551499992609024,
    0.08338185399770737,
    0.08136273920536041,
    0.07885240018367767,
    0.07640732079744339,
    0.07386864721775055,
    0.07231643795967102,
    0.07000620663166046,
    0.06816493719816208,
    0.06601034104824066,
    0.06461744010448456,
    0.0655340626835823,
    0.06233302503824234,
    0.06090373545885086,
    0.0597873255610466,
    0.05968017503619194,
    0.059132762253284454,
    0.06031138077378273,
    0.05889863520860672,
    0.05822303146123886,
    0.057470910251140594,
    0.057124681770801544,
    0.0564221628010273,
    0.058791372925043106,
    0.05554382875561714,
    0.055939555168151855,
    0.05691314861178398,
    0.057563260197639465,
    0.05713094770908356,
    0.10754089057445526
  ],
  "val_mse": [
    0.020597614347934723,
    0.021215979009866714,
    0.01969415508210659,
    0.01881464011967182,
    0.01777978055179119,
    0.016745300963521004,
    0.015953728929162025,
    0.014924691058695316,
    0.013915889896452427,
    0.013080734759569168,
    0.01249404065310955,
    0.011765490286052227,
    0.011080260388553143,
    0.010688329115509987,
    0.010301255621016026,
    0.010447222739458084,
    0.009718812070786953,
    0.009176871739327908,
    0.009064155630767345,
    0.009089650586247444,
    0.008942567743360996,
    0.00923523772507906,
    0.008928284980356693,
    0.008687380701303482,
    0.00846362765878439,
    0.00853812787681818,
    0.008400826714932919,
    0.008934455923736095,
    0.00819771084934473,
    0.008436066098511219,
    0.008525954559445381,
    0.008886690251529217,
    0.009064115583896637,
    0.023096052929759026
  ]
}