{
  "loss": [
    0.022875608876347542,
    0.009810482151806355,
    0.007118157111108303,
    0.006095499731600285,
    0.005854891147464514,
    0.005742661654949188,
    0.005015569739043713,
    0.005337268579751253,
    0.005019090138375759,
    0.005439948756247759,
    0.005023533012717962,
    0.0048511275090277195,
    0.0043621244840323925,
    0.004241609480232
  ],
  "mae": [
    0.14958082139492035,
    0.10040298104286194,
    0.08388043940067291,
    0.07642077654600143,
    0.07326887547969818,
    0.07111749798059464,
    0.06637287884950638,
    0.06746571511030197,
    0.0650024563074112,
    0.06703101843595505,
    0.06394153833389282,
    0.06219200789928436,
    0.05867455154657364,
    0.05746884644031525
  ],
  "mse": [
    0.045751217752695084,
    0.019621144980192184,
    0.014236497692763805,
    0.012191005982458591,
    0.011709782294929028,
    0.011485324241220951,
    0.010031139478087425,
    0.010674556717276573,
    0.010038180276751518,
    0.010879897512495518,
    0.010047066025435925,
    0.009702255018055439,
    0.008724248968064785,
    0.008483218960464
  ],
  "val_loss": [
    0.016778258606791496,
    0.01589026302099228,
    0.015258469618856907,
    0.015235774219036102,
    0.015490581281483173,
    0.015913020819425583,
    0.015312295407056808,
    0.015067219734191895,
    0.01489474531263113,
    0.017646510154008865,
    0.016084710136055946,
    0.01585148274898529,
    0.01560684572905302,
    0.01624543033540249
  ],
  "val_mae": [
    0.12155421078205109,
    0.11512108892202377,
    0.11345802992582321,
    0.11304493993520737,
    0.11464007198810577,
    0.11482272297143936,
    0.11482688039541245,
    0.11562726646661758,
    0.11669176071882248,
    0.12317799031734467,
    0.11772620677947998,
    0.11699492484331131,
    0.11556511372327805,
    0.11719189584255219
  ],
  "val_mse": [
    0.03355651721358299,
    0.03178052604198456,
    0.030516939237713814,
    0.030471548438072205,
    0.030981162562966347,
    0.031826041638851166,
    0.030624590814113617,
    0.03013443946838379,
    0.02978949062526226,
    0.03529302030801773,
    0.03216942027211189,
    0.03170296549797058,
    0.03121369145810604,
    0.03249086067080498
  ]
}