{
  "loss": [
    0.01875980757176876,
    0.009863164275884628,
    0.007308261934667826,
    0.006566899362951517,
    0.0066842082887887955,
    0.006692978087812662,
    0.00594168808311224,
    0.005659216083586216
  ],
  "mae": [
    0.13864779472351074,
    0.0987711250782013,
    0.08308703452348709,
    0.07748399674892426,
    0.07738415151834488,
    0.07751239091157913,
    0.07152251899242401,
    0.06892656534910202
  ],
  "mse": [
    0.03751961514353752,
    0.019726339727640152,
    0.014616536907851696,
    0.013133798725903034,
    0.013368416577577591,
    0.013385956175625324,
    0.01188337616622448,
    0.011318432167172432
  ],
  "val_loss": [
    0.02294555865228176,
    0.021204547956585884,
    0.01492406241595745,
    0.018550008535385132,
    0.01579011045396328,
    0.01627655327320099,
    0.032221514731645584,
    0.029573407024145126
  ],
  "val_mae": [
    0.15782462060451508,
    0.14250171184539795,
    0.12126051634550095,
    0.13274282217025757,
    0.12506546080112457,
    0.12782689929008484,
    0.16608048975467682,
    0.16151858866214752
  ],
  "val_mse": [
    0.04589111730456352,
    0.04240909591317177,
    0.0298481248319149,
    0.037100017070770264,
    0.03158022090792656,
    0.03255310654640198,
    0.06444337218999863,
    0.05914682522416115
  ]
}