{
  "loss": [
    0.005716279149055481,
    0.004922541324049234,
    0.004667992703616619,
    0.004476030357182026,
    0.004260229878127575,
    0.004133319947868586,
    0.0040669976733624935,
    0.0040093762800097466,
    0.003978889901190996,
    0.0039197299629449844,
    0.0038713975809514523,
    0.003841567086055875,
    0.0038063561078161,
    0.003758175764232874,
    0.0037288228049874306,
    0.0036908092442899942,
    0.0036314583849161863,
    0.0036176485009491444,
    0.0035782638005912304,
    0.003548321081325412,
    0.0034972531720995903,
    0.0034799575805664062,
    0.0034270239993929863,
    0.003413315862417221,
    0.003377943765372038,
    0.0033568125218153,
    0.003321009688079357,
    0.003287704661488533,
    0.003257460193708539,
    0.003241279860958457,
    0.0031793757807463408,
    0.0031726344022899866,
    0.003140239743515849,
    0.0031135149765759706,
    0.0030854339711368084,
    0.0030662755016237497,
    0.0030365195125341415,
    0.0030044852755963802,
    0.0030276612378656864,
    0.0030045986641198397
  ],
  "mae": [
    0.0694376602768898,
    0.06391105055809021,
    0.06233103573322296,
    0.06081639230251312,
    0.05906231328845024,
    0.05785282701253891,
    0.05722161754965782,
    0.056579504162073135,
    0.05620856210589409,
    0.05570922791957855,
    0.05529071018099785,
    0.055001452565193176,
    0.05470503494143486,
    0.054285477846860886,
    0.0540621392428875,
    0.05367594584822655,
    0.05321567878127098,
    0.052974577993154526,
    0.05272054672241211,
    0.052408602088689804,
    0.0519794300198555,
    0.05183333531022072,
    0.051466815173625946,
    0.05130767822265625,
    0.05105298012495041,
    0.05087690055370331,
    0.0505795031785965,
    0.05030880868434906,
    0.05010168254375458,
    0.05000298470258713,
    0.04941025748848915,
    0.04945274069905281,
    0.049178436398506165,
    0.04899054765701294,
    0.048765845596790314,
    0.04854985326528549,
    0.048359207808971405,
    0.0480930469930172,
    0.0482054129242897,
    0.04802778363227844
  ],
  "mse": [
    0.011432558298110962,
    0.009845082648098469,
    0.009335985407233238,
    0.008952060714364052,
    0.00852045975625515,
    0.008266639895737171,
    0.008133995346724987,
    0.008018752560019493,
    0.007957779802381992,
    0.007839459925889969,
    0.0077427951619029045,
    0.00768313417211175,
    0.0076127122156322,
    0.007516351528465748,
    0.007457645609974861,
    0.0073816184885799885,
    0.007262916769832373,
    0.007235297001898289,
    0.007156527601182461,
    0.007096642162650824,
    0.006994506344199181,
    0.0069599151611328125,
    0.006854047998785973,
    0.006826631724834442,
    0.006755887530744076,
    0.0067136250436306,
    0.006642019376158714,
    0.006575409322977066,
    0.006514920387417078,
    0.006482559721916914,
    0.0063587515614926815,
    0.006345268804579973,
    0.006280479487031698,
    0.006227029953151941,
    0.006170867942273617,
    0.0061325510032474995,
    0.006073039025068283,
    0.0060089705511927605,
    0.006055322475731373,
    0.006048610433936119
  ],
  "val_loss": [
    0.01010169554501772,
    0.009024912491440773,
    0.008220229297876358,
    0.00716052483767271,
    0.006782711483538151,
    0.006595281418412924,
    0.006569589488208294,
    0.006438903976231813,
    0.006320622283965349,
    0.006129241082817316,
    0.005921199452131987,
    0.005947118625044823,
    0.005659651476889849,
    0.005331993103027344,
    0.005485557485371828,
    0.005151897668838501,
    0.005091220606118441,
    0.005091290455311537,
    0.004945668391883373,
    0.004893730394542217,
    0.0051120128482580185,
    0.004889053758233786,
    0.004751147236675024,
    0.004744409117847681,
    0.00454862741753459,
    0.004433074034750462,
    0.00449836440384388,
    0.004529683385044336,
    0.004452300723642111,
    0.004312479868531227,
    0.004452275112271309,
    0.00438281986862421,
    0.004270574077963829,
    0.0042456937953829765,
    0.004160655662417412,
    0.004212587606161833,
    0.004243898671120405,
    0.004435593727976084,
    0.004389446694403887,
    0.0043185013346374035
  ],
  "val_mae": [
    0.09398653358221054,
    0.09151823073625565,
    0.08845159411430359,
    0.08279511332511902,
    0.08102928847074509,
    0.07956000417470932,
    0.0793394148349762,
    0.07844948023557663,
    0.07725142687559128,
    0.07601917535066605,
    0.07444734126329422,
    0.0741916298866272,
    0.0729876235127449,
    0.0708647146821022,
    0.07142192125320435,
    0.0697464644908905,
    0.06901112198829651,
    0.06895521283149719,
    0.06773491203784943,
    0.06776204705238342,
    0.06851866096258163,
    0.06725604832172394,
    0.06624997407197952,
    0.0658423900604248,
    0.0642978623509407,
    0.06343545764684677,
    0.06326460093259811,
    0.06339269131422043,
    0.06229999288916588,
    0.061261337250471115,
    0.06212561950087547,
    0.061565469950437546,
    0.060992322862148285,
    0.06031632795929909,
    0.059106890112161636,
    0.05888696759939194,
    0.05933258682489395,
    0.06075727194547653,
    0.06204662472009659,
    0.06053665652871132
  ],
  "val_mse": [
    0.02020339109003544,
    0.018049824982881546,
    0.016440458595752716,
    0.01432104967534542,
    0.013565422967076302,
    0.013190562836825848,
    0.013139178976416588,
    0.012877807952463627,
    0.012641244567930698,
    0.012258482165634632,
    0.011842398904263973,
    0.011894237250089645,
    0.011319302953779697,
    0.010663986206054688,
    0.010971114970743656,
    0.010303795337677002,
    0.010182441212236881,
    0.010182580910623074,
    0.009891336783766747,
    0.009787460789084435,
    0.010224025696516037,
    0.009778107516467571,
    0.009502294473350048,
    0.009488818235695362,
    0.00909725483506918,
    0.008866148069500923,
    0.00899672880768776,
    0.009059366770088673,
    0.008904601447284222,
    0.008624959737062454,
    0.008904550224542618,
    0.00876563973724842,
    0.008541148155927658,
    0.008491387590765953,
    0.00832152646034956,
    0.00842524878680706,
    0.008487816900014877,
    0.008871187455952168,
    0.008778893388807774,
    0.008637038059532642
  ]
}