{
  "loss": [
    0.017566431313753128,
    0.007867809385061264,
    0.007159705273807049,
    0.006140440236777067,
    0.006512031424790621,
    0.005565255880355835,
    0.005604022182524204,
    0.005357269663363695,
    0.00483903381973505,
    0.004638379905372858
  ],
  "mae": [
    0.1407027393579483,
    0.09281852841377258,
    0.08795132488012314,
    0.0805613249540329,
    0.08138388395309448,
    0.0744972825050354,
    0.0740060806274414,
    0.07414507120847702,
    0.06769103556871414,
    0.06603191047906876
  ],
  "mse": [
    0.035132862627506256,
    0.015735618770122528,
    0.014319410547614098,
    0.012280894443392754,
    0.013024062849581242,
    0.011130756698548794,
    0.011208043433725834,
    0.010714540258049965,
    0.0096780676394701,
    0.009276759810745716
  ],
  "val_loss": [
    0.01775740087032318,
    0.01668754778802395,
    0.018829528242349625,
    0.01815102808177471,
    0.01590678095817566,
    0.01703566685318947,
    0.017663566395640373,
    0.018175141885876656,
    0.018199818208813667,
    0.016614992171525955
  ],
  "val_mae": [
    0.1344725489616394,
    0.12678878009319305,
    0.1358887106180191,
    0.1280771791934967,
    0.12738123536109924,
    0.13021725416183472,
    0.13661743700504303,
    0.13967140018939972,
    0.1371140480041504,
    0.1295623928308487
  ],
  "val_mse": [
    0.03551480174064636,
    0.0333750955760479,
    0.03765905648469925,
    0.03630205616354942,
    0.03181356191635132,
    0.03407133370637894,
    0.035327132791280746,
    0.03635028377175331,
    0.036399636417627335,
    0.03322998434305191
  ]
}