{
  "loss": [
    0.021349770948290825,
    0.012344039045274258,
    0.008723858743906021,
    0.00725873839110136,
    0.006508820690214634,
    0.0060325972735881805,
    0.006340796127915382,
    0.0061702909879386425,
    0.005823829211294651,
    0.005194544326514006
  ],
  "mae": [
    0.15641430020332336,
    0.11699717491865158,
    0.09864379465579987,
    0.08959057927131653,
    0.08396261185407639,
    0.07930423319339752,
    0.08056854456663132,
    0.07873882353305817,
    0.07749275118112564,
    0.07091175019741058
  ],
  "mse": [
    0.04269954189658165,
    0.024688078090548515,
    0.017447730526328087,
    0.01451747678220272,
    0.013017641380429268,
    0.012065194547176361,
    0.012681592255830765,
    0.012340581975877285,
    0.011647658422589302,
    0.010389088653028011
  ],
  "val_loss": [
    0.01882018893957138,
    0.012927732430398464,
    0.011724432930350304,
    0.011769848875701427,
    0.009627299383282661,
    0.01164338830858469,
    0.010886249132454395,
    0.011354733258485794,
    0.010479282587766647,
    0.010364220477640629
  ],
  "val_mae": [
    0.14048902690410614,
    0.11812145262956619,
    0.10848511755466461,
    0.1098027378320694,
    0.10087614506483078,
    0.11198122799396515,
    0.10595042258501053,
    0.10643320530653,
    0.10473398119211197,
    0.10600840300321579
  ],
  "val_mse": [
    0.03764037787914276,
    0.02585546486079693,
    0.023448865860700607,
    0.023539697751402855,
    0.019254598766565323,
    0.02328677661716938,
    0.02177249826490879,
    0.022709466516971588,
    0.020958565175533295,
    0.020728440955281258
  ]
}