{
  "loss": [
    0.005901327356696129,
    0.004802818410098553,
    0.004535452928394079,
    0.004360816441476345,
    0.004178338218480349,
    0.004016661085188389,
    0.0039317370392382145,
    0.003852258203551173,
    0.0037906356155872345,
    0.003732017008587718,
    0.0036744214594364166,
    0.0036331061273813248,
    0.0035865693353116512,
    0.0035379480104893446,
    0.0034918480087071657,
    0.0034442853648215532,
    0.0033973981626331806,
    0.0033733337186276913,
    0.003344590775668621,
    0.003257723757997155,
    0.003224580315873027,
    0.0039530666545033455,
    0.0037823966704308987,
    0.0036310453433543444,
    0.003525960259139538
  ],
  "mae": [
    0.07395271211862564,
    0.06444187462329865,
    0.061610300093889236,
    0.05970044806599617,
    0.057972703129053116,
    0.05642833933234215,
    0.05565185844898224,
    0.05494003742933273,
    0.0544208362698555,
    0.053909119218587875,
    0.05340660735964775,
    0.053114719688892365,
    0.05277109146118164,
    0.052341531962156296,
    0.052050329744815826,
    0.05172931030392647,
    0.05135774239897728,
    0.051216527819633484,
    0.05108172446489334,
    0.05042116343975067,
    0.050183508545160294,
    0.05716783553361893,
    0.05534356087446213,
    0.053884126245975494,
    0.05284178629517555
  ],
  "mse": [
    0.011802655644714832,
    0.009605636820197105,
    0.009070905856788158,
    0.00872163288295269,
    0.008356676436960697,
    0.008033322170376778,
    0.007863474078476429,
    0.007704516407102346,
    0.007581271231174469,
    0.007464034017175436,
    0.007348842918872833,
    0.0072662122547626495,
    0.0071731386706233025,
    0.007075896020978689,
    0.0069836960174143314,
    0.0068885707296431065,
    0.006794796325266361,
    0.0067466674372553825,
    0.006689181551337242,
    0.00651544751599431,
    0.006449160631746054,
    0.007906133309006691,
    0.007564793340861797,
    0.007262090686708689,
    0.007051920518279076
  ],
  "val_loss": [
    0.009849289432168007,
    0.010024959221482277,
    0.009531701914966106,
    0.008427485823631287,
    0.007677061017602682,
    0.007289349567145109,
    0.007118289824575186,
    0.007015533745288849,
    0.006697450764477253,
    0.006417148746550083,
    0.00622310908511281,
    0.006047088652849197,
    0.005906031467020512,
    0.005743430927395821,
    0.005483211949467659,
    0.0051353913731873035,
    0.0050361426547169685,
    0.005033870693296194,
    0.005060204304754734,
    0.004910485353320837,
    0.005312928464263678,
    0.006401339545845985,
    0.006134188733994961,
    0.005782115738838911,
    0.0056097907945513725
  ],
  "val_mae": [
    0.0957639068365097,
    0.09418117254972458,
    0.09012215584516525,
    0.08450131863355637,
    0.0809965431690216,
    0.0790247991681099,
    0.07840888202190399,
    0.07764068990945816,
    0.07565589249134064,
    0.07404457777738571,
    0.07263058423995972,
    0.07118334621191025,
    0.07028675079345703,
    0.06878652423620224,
    0.0675538033246994,
    0.06435151398181915,
    0.06382860988378525,
    0.06406152248382568,
    0.06364929676055908,
    0.06257472187280655,
    0.06526673585176468,
    0.07414285093545914,
    0.07259509712457657,
    0.0703856572508812,
    0.06939588487148285
  ],
  "val_mse": [
    0.019698578864336014,
    0.020049918442964554,
    0.019063403829932213,
    0.016854971647262573,
    0.015354122035205364,
    0.014578699134290218,
    0.014236579649150372,
    0.014031067490577698,
    0.013394901528954506,
    0.012834297493100166,
    0.01244621817022562,
    0.012094177305698395,
    0.011812062934041023,
    0.011486861854791641,
    0.010966423898935318,
    0.010270782746374607,
    0.010072285309433937,
    0.010067741386592388,
    0.010120408609509468,
    0.009820970706641674,
    0.010625856928527355,
    0.01280267909169197,
    0.012268377467989922,
    0.011564231477677822,
    0.011219581589102745
  ]
}