{
  "loss": [
    0.018625717610120773,
    0.00910242646932602,
    0.008516652509570122,
    0.0075373221188783646,
    0.006239020731300116,
    0.005326921120285988,
    0.005056718364357948,
    0.005429563578218222,
    0.004925051238387823,
    0.005450408440083265
  ],
  "mae": [
    0.1435028612613678,
    0.09800941497087479,
    0.09365379810333252,
    0.08859318494796753,
    0.0785055160522461,
    0.07083413004875183,
    0.06870819628238678,
    0.07262168824672699,
    0.06814108043909073,
    0.07184656709432602
  ],
  "mse": [
    0.03725143522024155,
    0.01820485293865204,
    0.017033305019140244,
    0.015074644237756729,
    0.012478041462600231,
    0.010653842240571976,
    0.010113436728715897,
    0.010859127156436443,
    0.00985011551529169,
    0.01090081688016653
  ],
  "val_loss": [
    0.014016302302479744,
    0.01243230327963829,
    0.011888913810253143,
    0.010168226435780525,
    0.008551614359021187,
    0.007610922679305077,
    0.00902573298662901,
    0.008372297510504723,
    0.0099214818328619,
    0.010105635039508343
  ],
  "val_mae": [
    0.11623166501522064,
    0.10540439933538437,
    0.11106057465076447,
    0.1001531183719635,
    0.09307891875505447,
    0.09220913797616959,
    0.10309433192014694,
    0.0921676903963089,
    0.09774550050497055,
    0.09980889409780502
  ],
  "val_mse": [
    0.028032604604959488,
    0.02486460655927658,
    0.023777827620506287,
    0.02033645287156105,
    0.017103228718042374,
    0.015221845358610153,
    0.01805146597325802,
    0.016744595021009445,
    0.0198429636657238,
    0.020211270079016685
  ]
}