{
  "loss": [
    0.022406553849577904,
    0.00826855469495058,
    0.006311170756816864,
    0.006123499013483524,
    0.0054261693730950356,
    0.0049624196253716946,
    0.006083522457629442
  ],
  "mae": [
    0.13783316314220428,
    0.09011179208755493,
    0.07607467472553253,
    0.07252408564090729,
    0.06695939600467682,
    0.0632169172167778,
    0.0677121952176094
  ],
  "mse": [
    0.04481317475438118,
    0.016537120565772057,
    0.012622341513633728,
    0.012246998026967049,
    0.010852338746190071,
    0.009924839250743389,
    0.012167044915258884
  ],
  "val_loss": [
    0.01822572574019432,
    0.015287943184375763,
    0.014841030351817608,
    0.015680836513638496,
    0.016859818249940872,
    0.01630692556500435,
    0.015319578349590302
  ],
  "val_mae": [
    0.12231962382793427,
    0.11719664931297302,
    0.11496631801128387,
    0.1169525682926178,
    0.12108699232339859,
    0.11965380609035492,
    0.11571762710809708
  ],
  "val_mse": [
    0.03645145148038864,
    0.030575886368751526,
    0.029682060703635216,
    0.03136167302727699,
    0.033719636499881744,
    0.0326138511300087,
    0.030639156699180603
  ]
}