{
  "loss": [
    0.01679561473429203,
    0.009363490156829357,
    0.007228875532746315,
    0.005660890135914087,
    0.0050991494208574295,
    0.005145742557942867
  ],
  "mae": [
    0.13455404341220856,
    0.09595223516225815,
    0.0814829096198082,
    0.07047322392463684,
    0.0656026154756546,
    0.06477680057287216
  ],
  "mse": [
    0.03359122946858406,
    0.018726980313658714,
    0.01445775106549263,
    0.011321780271828175,
    0.010198298841714859,
    0.010291485115885735
  ],
  "val_loss": [
    0.018406972289085388,
    0.014579503796994686,
    0.014977694489061832,
    0.0161830335855484,
    0.01613379828631878,
    0.01688876934349537
  ],
  "val_mae": [
    0.12572473287582397,
    0.10987165570259094,
    0.11764711886644363,
    0.12022149562835693,
    0.119618721306324,
    0.12213101983070374
  ],
  "val_mse": [
    0.036813944578170776,
    0.029159007593989372,
    0.029955388978123665,
    0.0323660671710968,
    0.03226759657263756,
    0.03377753868699074
  ]
}