{
  "loss": [
    0.005770007614046335,
    0.004958058707416058,
    0.00477776862680912,
    0.004562882706522942,
    0.00430784048512578,
    0.004160480108112097,
    0.004081158433109522,
    0.004018147010356188,
    0.003979752771556377,
    0.003918014466762543,
    0.003880180884152651,
    0.0038475017063319683,
    0.00381086440756917,
    0.0037867450155317783,
    0.003749935422092676,
    0.003715797560289502,
    0.0036925007589161396,
    0.0036724007222801447,
    0.003632824867963791,
    0.0035844282247126102,
    0.003568527987226844,
    0.0035317796282470226,
    0.0035048210993409157,
    0.0034699109382927418,
    362319.25,
    0.003395132254809141,
    0.003345911158248782,
    0.00331482058390975,
    4207.76513671875,
    0.003473723540082574,
    0.00338602252304554,
    0.003341253148391843,
    0.003293609479442239,
    0.0032495076302438974,
    0.003208921989426017,
    0.003182734828442335,
    0.003143110778182745,
    0.0031191841699182987,
    0.003085329895839095
  ],
  "mae": [
    0.0699692815542221,
    0.0642300397157669,
    0.06324928998947144,
    0.06172710657119751,
    0.05913130193948746,
    0.05762385576963425,
    0.056749965995550156,
    0.05616387724876404,
    0.055850688368082047,
    0.05529166758060455,
    0.054943155497312546,
    0.05464838445186615,
    0.05431193858385086,
    0.054059430956840515,
    0.05369316786527634,
    0.053373053669929504,
    0.053145721554756165,
    0.052950985729694366,
    0.05260983109474182,
    0.05222483351826668,
    0.05204993113875389,
    0.05174804851412773,
    0.05154689773917198,
    0.05126096308231354,
    362319.28125,
    0.050755664706230164,
    0.05024116486310959,
    0.049949247390031815,
    4207.765625,
    0.05108390003442764,
    0.0504290796816349,
    0.05010470002889633,
    0.049762044101953506,
    0.04937015473842621,
    0.04906854033470154,
    0.04893394932150841,
    0.048629313707351685,
    0.048497747629880905,
    0.04824504628777504
  ],
  "mse": [
    0.01154001522809267,
    0.009916117414832115,
    0.00955553725361824,
    0.009125765413045883,
    0.00861568097025156,
    0.008320960216224194,
    0.008162316866219044,
    0.008036294020712376,
    0.007959505543112755,
    0.007836028933525085,
    0.007760361768305302,
    0.007695003412663937,
    0.00762172881513834,
    0.007573490031063557,
    0.007499870844185352,
    0.007431595120579004,
    0.007385001517832279,
    0.007344801444560289,
    0.007265649735927582,
    0.0071688564494252205,
    0.007137055974453688,
    0.007063559256494045,
    0.007009642198681831,
    0.0069398218765854836,
    2.2325630846631936e+16,
    0.006790264509618282,
    0.006691822316497564,
    0.0066296411678195,
    3217299079168.0,
    0.006947447080165148,
    0.00677204504609108,
    0.006682506296783686,
    0.006587218958884478,
    0.006499015260487795,
    0.006417843978852034,
    0.00636546965688467,
    0.00628622155636549,
    0.0062383683398365974,
    0.00617065979167819
  ],
  "val_loss": [
    0.010384715162217617,
    0.009553564712405205,
    0.008688710629940033,
    0.007635049521923065,
    0.007030557841062546,
    0.006649117451161146,
    0.006284585688263178,
    0.006091244984418154,
    0.0059159365482628345,
    0.005775731056928635,
    0.005565619096159935,
    0.005483605433255434,
    0.005400918889790773,
    0.005339663941413164,
    0.005197090562433004,
    0.0050106411799788475,
    0.004756029695272446,
    0.004681736696511507,
    0.004433984402567148,
    0.004360762424767017,
    0.004411946516484022,
    0.004251169040799141,
    76.81503295898438,
    0.0041344123892486095,
    0.004360392224043608,
    0.004022324923425913,
    0.003911703824996948,
    75031.25,
    0.004275756888091564,
    0.003847874002531171,
    0.0037948323879390955,
    0.0038301553577184677,
    0.0037773398216813803,
    0.003725194139406085,
    0.003688093973323703,
    0.0037440978921949863,
    0.0038054874166846275,
    0.003738354193046689,
    0.003717039478942752
  ],
  "val_mae": [
    0.09465610235929489,
    0.09246539324522018,
    0.08985788375139236,
    0.0865631029009819,
    0.08252917975187302,
    0.0804455578327179,
    0.07767841219902039,
    0.0761527270078659,
    0.0747227892279625,
    0.07423906028270721,
    0.07225137203931808,
    0.07181252539157867,
    0.07109946012496948,
    0.07049386203289032,
    0.06893463432788849,
    0.06758636981248856,
    0.06592269241809845,
    0.06516984105110168,
    0.06273338198661804,
    0.0617712028324604,
    0.062250394374132156,
    0.060583360493183136,
    76.87181854248047,
    0.05962638556957245,
    0.06219358742237091,
    0.057993028312921524,
    0.05650097504258156,
    75031.2734375,
    0.05959153547883034,
    0.055226799100637436,
    0.054846156388521194,
    0.05544432997703552,
    0.0541527234017849,
    0.05386077240109444,
    0.05305968225002289,
    0.053406670689582825,
    0.05375092476606369,
    0.05313588306307793,
    0.05274095758795738
  ],
  "val_mse": [
    0.020769430324435234,
    0.01910712942481041,
    0.017377421259880066,
    0.01527009904384613,
    0.014061115682125092,
    0.013298234902322292,
    0.012569171376526356,
    0.012182489968836308,
    0.011831873096525669,
    0.01155146211385727,
    0.01113123819231987,
    0.010967210866510868,
    0.010801837779581547,
    0.010679327882826328,
    0.010394181124866009,
    0.010021282359957695,
    0.009512059390544891,
    0.009363473393023014,
    0.008867968805134296,
    0.008721524849534035,
    0.008823893032968044,
    0.008502338081598282,
    336376704.0,
    0.008268824778497219,
    0.008720784448087215,
    0.008044649846851826,
    0.007823407649993896,
    686381005275136.0,
    0.008551513776183128,
    0.007695748005062342,
    0.007589664775878191,
    0.007660310715436935,
    0.0075546796433627605,
    0.00745038827881217,
    0.007376187946647406,
    0.007488195784389973,
    0.007610974833369255,
    0.007476708386093378,
    0.007434078957885504
  ]
}