{
  "loss": [
    0.005440021399408579,
    0.004558233078569174,
    0.004327269736677408,
    0.004215585999190807,
    0.0041058603674173355,
    0.0039715273305773735,
    0.003855313640087843,
    0.0037733428180217743,
    0.003707250114530325,
    0.003639150643721223,
    0.003597788279876113,
    0.0035493376199156046,
    0.003508929628878832,
    0.003468378446996212,
    0.003431176533922553,
    0.0033912735525518656,
    0.0033620179165154696,
    0.003325295401737094,
    0.003296483773738146,
    0.00325967650860548,
    0.0032066775020211935,
    0.003150766249746084,
    0.003128326265141368,
    0.0030908221378922462,
    0.003064715303480625,
    0.002987428568303585,
    0.002978036878630519,
    0.0029404335655272007,
    0.002826804993674159,
    0.002769083483144641,
    0.0027552342507988214,
    0.0026742597110569477,
    0.0026359879411756992,
    0.0026479079388082027,
    0.0025271656922996044
  ],
  "mae": [
    0.06878894567489624,
    0.05979243665933609,
    0.05760795250535011,
    0.056674521416425705,
    0.05577168986201286,
    0.054714180529117584,
    0.05372988060116768,
    0.05304694175720215,
    0.0524623766541481,
    0.0518917441368103,
    0.05151887610554695,
    0.05111376941204071,
    0.05077742785215378,
    0.050451669842004776,
    0.050183240324258804,
    0.04987240210175514,
    0.049709249287843704,
    0.049474481493234634,
    0.04921048507094383,
    0.04895257204771042,
    0.04852060601115227,
    0.04820265620946884,
    0.048019472509622574,
    0.04772580787539482,
    0.04750945419073105,
    0.047019340097904205,
    0.04695760831236839,
    0.046673621982336044,
    0.04583905264735222,
    0.045426610857248306,
    0.04530179500579834,
    0.04480414465069771,
    0.04448767751455307,
    0.044577352702617645,
    0.04377308115363121
  ],
  "mse": [
    0.010880042798817158,
    0.009116466157138348,
    0.008654539473354816,
    0.008431171998381615,
    0.008211720734834671,
    0.007943054661154747,
    0.007710627280175686,
    0.007546685636043549,
    0.00741450022906065,
    0.007278301287442446,
    0.007195576559752226,
    0.007098675239831209,
    0.007017859257757664,
    0.006936756893992424,
    0.006862353067845106,
    0.006782547105103731,
    0.006724035833030939,
    0.006650590803474188,
    0.006592967547476292,
    0.00651935301721096,
    0.006413355004042387,
    0.006301532499492168,
    0.006256652530282736,
    0.0061816442757844925,
    0.00612943060696125,
    0.00597485713660717,
    0.005956073757261038,
    0.005880867131054401,
    0.005653609987348318,
    0.005538166966289282,
    0.005510468501597643,
    0.005348519422113895,
    0.0052719758823513985,
    0.0052958158776164055,
    0.005054331384599209
  ],
  "val_loss": [
    0.00994653720408678,
    0.008785170502960682,
    0.008415904827415943,
    0.007921317592263222,
    0.007569475565105677,
    0.00740115437656641,
    0.00716349296271801,
    0.00675155408680439,
    0.006322009488940239,
    0.005878266412764788,
    0.005788941867649555,
    0.005509542301297188,
    0.005399468820542097,
    0.005308786407113075,
    0.005266076419502497,
    0.005222555249929428,
    0.0050192405469715595,
    0.004684006329625845,
    0.004587852396070957,
    0.004484458360821009,
    0.00421989057213068,
    0.004217576701194048,
    0.004251074977219105,
    0.004026937764137983,
    0.0038628787733614445,
    0.003871255088597536,
    0.004141902085393667,
    0.00385989504866302,
    0.003818918252363801,
    0.003967448137700558,
    0.003723497735336423,
    0.004040473140776157,
    0.004182149656116962,
    0.004070357419550419,
    0.003938391339033842
  ],
  "val_mae": [
    0.0935409665107727,
    0.08538960665464401,
    0.08360466361045837,
    0.0806523784995079,
    0.07883846759796143,
    0.07717285305261612,
    0.07548151165246964,
    0.07324373722076416,
    0.07055551558732986,
    0.06818714737892151,
    0.06744571030139923,
    0.06572220474481583,
    0.0650254338979721,
    0.06425893306732178,
    0.06347884237766266,
    0.06307671964168549,
    0.061821963638067245,
    0.060365721583366394,
    0.05949760228395462,
    0.059153854846954346,
    0.05698699876666069,
    0.057198941707611084,
    0.0565914623439312,
    0.05498605594038963,
    0.05360913649201393,
    0.05340791121125221,
    0.05534368380904198,
    0.052667681127786636,
    0.05218089744448662,
    0.05357936769723892,
    0.05127596855163574,
    0.05329897627234459,
    0.054427921772003174,
    0.05294513702392578,
    0.0516689270734787
  ],
  "val_mse": [
    0.01989307440817356,
    0.017570341005921364,
    0.016831809654831886,
    0.015842635184526443,
    0.015138951130211353,
    0.01480230875313282,
    0.01432698592543602,
    0.01350310817360878,
    0.012644018977880478,
    0.011756532825529575,
    0.01157788373529911,
    0.011019084602594376,
    0.010798937641084194,
    0.01061757281422615,
    0.010532152839004993,
    0.010445110499858856,
    0.010038481093943119,
    0.00936801265925169,
    0.009175704792141914,
    0.008968916721642017,
    0.00843978114426136,
    0.008435153402388096,
    0.00850214995443821,
    0.008053875528275967,
    0.007725757546722889,
    0.007742510177195072,
    0.008283804170787334,
    0.00771979009732604,
    0.007637836504727602,
    0.007934896275401115,
    0.007446995470672846,
    0.008080946281552315,
    0.008364299312233925,
    0.008140714839100838,
    0.007876782678067684
  ]
}