{
  "loss": [
    0.025610145181417465,
    0.011195897124707699,
    0.007486575283110142,
    0.00687731709331274,
    0.006004038732498884,
    0.005390909966081381,
    0.004992809146642685,
    0.0048928107134997845,
    0.004917596001178026,
    0.005910282954573631
  ],
  "mae": [
    0.1578999161720276,
    0.106549933552742,
    0.08761520683765411,
    0.08205515146255493,
    0.07592228800058365,
    0.07127268612384796,
    0.06753704696893692,
    0.066026471555233,
    0.06568704545497894,
    0.06967999786138535
  ],
  "mse": [
    0.05122029036283493,
    0.02239193022251129,
    0.014973150566220284,
    0.01375463418662548,
    0.012008077464997768,
    0.010781819932162762,
    0.00998561829328537,
    0.009785621426999569,
    0.009835192002356052,
    0.011820565909147263
  ],
  "val_loss": [
    0.02079353667795658,
    0.017172884196043015,
    0.015473499894142151,
    0.014975063502788544,
    0.016523035243153572,
    0.01452025305479765,
    0.014609424397349358,
    0.014603517018258572,
    0.014831675216555595,
    0.01742219552397728
  ],
  "val_mae": [
    0.14229637384414673,
    0.12804080545902252,
    0.12157563120126724,
    0.11415228247642517,
    0.12625305354595184,
    0.11769495904445648,
    0.11694810539484024,
    0.11697043478488922,
    0.11736449599266052,
    0.1298539638519287
  ],
  "val_mse": [
    0.04158707335591316,
    0.034346189349889755,
    0.030946999788284302,
    0.029950127005577087,
    0.033046070486307144,
    0.0290405061095953,
    0.029218848794698715,
    0.029207034036517143,
    0.02966335043311119,
    0.03484439104795456
  ]
}