{
  "loss": [
    0.005413816310465336,
    0.004561478737741709,
    0.004322034306824207,
    0.004188815131783485,
    0.0040693581104278564,
    0.003961261361837387,
    0.0038505399134010077,
    0.0037786904722452164,
    0.0037170720752328634,
    0.0036674896255135536,
    0.0036263621877878904,
    0.0035805872175842524,
    0.003537749405950308,
    0.00349347572773695,
    0.003450369229540229,
    0.0034093884751200676,
    0.00337520195171237,
    0.003343147225677967,
    0.0032990488689392805,
    0.0032609531190246344,
    0.0032183965668082237,
    0.0031797336414456367,
    0.0031520912889391184,
    0.003096830565482378,
    0.003062410047277808,
    0.003044881159439683,
    0.0029968940652906895,
    0.0029376766178756952,
    0.0028973009902983904,
    0.00285127991810441,
    0.0028263998683542013,
    0.002777357818558812,
    0.002711308654397726,
    0.0026693313848227262
  ],
  "mae": [
    0.06866934150457382,
    0.05996242165565491,
    0.05772269517183304,
    0.05664189159870148,
    0.055727727711200714,
    0.05494745075702667,
    0.05399852246046066,
    0.05334879830479622,
    0.05277296528220177,
    0.05233202874660492,
    0.05189652368426323,
    0.051543720066547394,
    0.05112362653017044,
    0.050759319216012955,
    0.05042488873004913,
    0.050061699002981186,
    0.04982208460569382,
    0.04956652596592903,
    0.04924413561820984,
    0.04892434924840927,
    0.048625096678733826,
    0.048335906118154526,
    0.04816111549735069,
    0.0477730855345726,
    0.047600843012332916,
    0.047380946576595306,
    0.04707559943199158,
    0.046671174466609955,
    0.04635263979434967,
    0.046022526919841766,
    0.04585617408156395,
    0.045563723891973495,
    0.045111026614904404,
    0.044797156006097794
  ],
  "mse": [
    0.010827632620930672,
    0.009122957475483418,
    0.008644068613648415,
    0.00837763026356697,
    0.008138716220855713,
    0.007922522723674774,
    0.007701079826802015,
    0.007557380944490433,
    0.007434144150465727,
    0.007334979251027107,
    0.007252724375575781,
    0.007161174435168505,
    0.007075498811900616,
    0.0069869514554739,
    0.006900738459080458,
    0.006818776950240135,
    0.00675040390342474,
    0.006686294451355934,
    0.006598097737878561,
    0.006521906238049269,
    0.0064367931336164474,
    0.0063594672828912735,
    0.006304182577878237,
    0.006193661130964756,
    0.006124820094555616,
    0.006089762318879366,
    0.005993788130581379,
    0.0058753532357513905,
    0.005794601980596781,
    0.00570255983620882,
    0.005652799736708403,
    0.005554715637117624,
    0.005422617308795452,
    0.0053386627696454525
  ],
  "val_loss": [
    0.009737296029925346,
    0.008779935538768768,
    0.008196757175028324,
    0.007788912393152714,
    0.007334980648010969,
    0.007069694809615612,
    0.006696317344903946,
    0.006732267793267965,
    0.0065914117731153965,
    0.006276345811784267,
    0.0061019714921712875,
    0.005849422886967659,
    0.005686598364263773,
    0.005361428949981928,
    0.0051767872646451,
    0.0049352096393704414,
    0.004654077347368002,
    0.004505293909460306,
    0.004286763723939657,
    0.004218265879899263,
    0.004150955006480217,
    0.004045086447149515,
    0.0039030821062624454,
    0.0038585681468248367,
    0.003937228117138147,
    0.003726022318005562,
    0.003755678655579686,
    0.0038592079654335976,
    0.003971961792558432,
    0.0036339431535452604,
    0.003660164773464203,
    0.003682335838675499,
    0.0036516673862934113,
    0.0037151100113987923
  ],
  "val_mae": [
    0.0934683308005333,
    0.08612333983182907,
    0.08262480795383453,
    0.08096390962600708,
    0.0786176398396492,
    0.07764802873134613,
    0.07485033571720123,
    0.07467968761920929,
    0.07338806986808777,
    0.07142350822687149,
    0.06982551515102386,
    0.06802487373352051,
    0.06666784733533859,
    0.06467929482460022,
    0.06310774385929108,
    0.06156164035201073,
    0.05937705561518669,
    0.05870352312922478,
    0.056924477219581604,
    0.05608187988400459,
    0.055890511721372604,
    0.0546179860830307,
    0.05391348898410797,
    0.05322970077395439,
    0.05327601730823517,
    0.05096454545855522,
    0.05179929360747337,
    0.05172205716371536,
    0.053198788315057755,
    0.0494898296892643,
    0.04923558980226517,
    0.04845631122589111,
    0.047835227102041245,
    0.049121636897325516
  ],
  "val_mse": [
    0.019474592059850693,
    0.017559871077537537,
    0.016393514350056648,
    0.015577824786305428,
    0.014669961296021938,
    0.014139389619231224,
    0.013392634689807892,
    0.01346453558653593,
    0.013182823546230793,
    0.012552691623568535,
    0.012203942984342575,
    0.011698845773935318,
    0.011373196728527546,
    0.010722857899963856,
    0.0103535745292902,
    0.009870419278740883,
    0.009308154694736004,
    0.009010587818920612,
    0.008573527447879314,
    0.008436531759798527,
    0.008301910012960434,
    0.00809017289429903,
    0.007806164212524891,
    0.0077171362936496735,
    0.007874456234276295,
    0.007452044636011124,
    0.007511357311159372,
    0.007718415930867195,
    0.007943923585116863,
    0.007267886307090521,
    0.007320329546928406,
    0.007364671677350998,
    0.0073033347725868225,
    0.0074302200227975845
  ]
}