{
  "loss": [
    0.016892267391085625,
    0.0064590321853756905,
    0.006553376093506813,
    0.005133118014782667,
    0.004916739650070667,
    0.004557254258543253,
    0.004870111588388681,
    0.0049400730058550835,
    0.00492443423718214,
    0.00461261672899127,
    0.004495212808251381,
    0.004822368733584881,
    0.004408399574458599
  ],
  "mae": [
    0.13466258347034454,
    0.08185049891471863,
    0.08061480522155762,
    0.07090549916028976,
    0.06779953837394714,
    0.06489052623510361,
    0.06664516776800156,
    0.06728369742631912,
    0.06773971021175385,
    0.06458408385515213,
    0.06250190734863281,
    0.06592276692390442,
    0.0627526268362999
  ],
  "mse": [
    0.033784687519073486,
    0.012918064370751381,
    0.013106752187013626,
    0.010266236029565334,
    0.009833479300141335,
    0.009114508517086506,
    0.009740223176777363,
    0.009880146011710167,
    0.00984886847436428,
    0.00922523345798254,
    0.008990425616502762,
    0.009644737467169762,
    0.008816799148917198
  ],
  "val_loss": [
    0.016055449843406677,
    0.015772048383951187,
    0.01613890565931797,
    0.0157222431153059,
    0.014857856556773186,
    0.015697645023465157,
    0.014588617719709873,
    0.0150597607716918,
    0.014238796196877956,
    0.016249628737568855,
    0.016126736998558044,
    0.015927957370877266,
    0.016329199075698853
  ],
  "val_mae": [
    0.13198474049568176,
    0.12399280071258545,
    0.1239185780286789,
    0.11947088688611984,
    0.11980877816677094,
    0.1193336546421051,
    0.11862257122993469,
    0.12338883429765701,
    0.11585666239261627,
    0.12191572785377502,
    0.11927550286054611,
    0.13167411088943481,
    0.12316958606243134
  ],
  "val_mse": [
    0.032110899686813354,
    0.031544096767902374,
    0.03227781131863594,
    0.0314444862306118,
    0.02971571311354637,
    0.03139529004693031,
    0.029177235439419746,
    0.0301195215433836,
    0.028477592393755913,
    0.03249925747513771,
    0.03225347399711609,
    0.03185591474175453,
    0.032658398151397705
  ]
}