{
  "loss": [
    0.01675981841981411,
    0.009947690181434155,
    0.007338010706007481,
    0.005786414723843336,
    0.005279150325804949,
    0.005281100515276194,
    0.004956141114234924
  ],
  "mae": [
    0.13329748809337616,
    0.0993274450302124,
    0.08200375735759735,
    0.07134907692670822,
    0.066693514585495,
    0.06558196991682053,
    0.06272256374359131
  ],
  "mse": [
    0.03351963683962822,
    0.01989538036286831,
    0.014676021412014961,
    0.011572829447686672,
    0.010558300651609898,
    0.010562201030552387,
    0.009912282228469849
  ],
  "val_loss": [
    0.018469950184226036,
    0.01522273849695921,
    0.015179261565208435,
    0.01577628031373024,
    0.015996892005205154,
    0.016596807166934013,
    0.017562106251716614
  ],
  "val_mae": [
    0.12555663287639618,
    0.1132434755563736,
    0.11832011491060257,
    0.11924157291650772,
    0.12073249369859695,
    0.12232457846403122,
    0.12526743113994598
  ],
  "val_mse": [
    0.03693990036845207,
    0.03044547699391842,
    0.03035852313041687,
    0.03155256062746048,
    0.03199378401041031,
    0.03319361433386803,
    0.03512421250343323
  ]
}