{
  "loss": [
    0.030658459290862083,
    0.01639951765537262,
    0.008668581955134869,
    0.007659594528377056,
    0.007190697360783815,
    0.006585957016795874,
    0.005763365421444178
  ],
  "mae": [
    0.17907175421714783,
    0.13213643431663513,
    0.09642722457647324,
    0.08800157159566879,
    0.0838959813117981,
    0.07990215718746185,
    0.07282500714063644
  ],
  "mse": [
    0.06131702661514282,
    0.03281300142407417,
    0.017337163910269737,
    0.015319540165364742,
    0.01438139472156763,
    0.013171914033591747,
    0.011526730842888355
  ],
  "val_loss": [
    0.024527747184038162,
    0.009917136281728745,
    0.008046368137001991,
    0.00931970402598381,
    0.009366123005747795,
    0.008096262812614441,
    0.011478140950202942
  ],
  "val_mae": [
    0.1578684151172638,
    0.10360195487737656,
    0.09706492722034454,
    0.10029346495866776,
    0.09957590699195862,
    0.09571671485900879,
    0.10158725827932358
  ],
  "val_mse": [
    0.049055494368076324,
    0.01983427256345749,
    0.016092736274003983,
    0.01863940805196762,
    0.01873224601149559,
    0.016192525625228882,
    0.022956281900405884
  ]
}