{
  "loss": [
    0.023674871772527695,
    0.007869389839470387,
    0.00671251118183136,
    0.005253456067293882,
    0.006159571465104818,
    0.005156605038791895,
    0.005432749632745981
  ],
  "mae": [
    0.14254549145698547,
    0.08792150020599365,
    0.07888693362474442,
    0.06860580295324326,
    0.0709141194820404,
    0.0657956600189209,
    0.06514129042625427
  ],
  "mse": [
    0.047404296696186066,
    0.015738779678940773,
    0.01342502236366272,
    0.010506912134587765,
    0.012319142930209637,
    0.01031321007758379,
    0.010865499265491962
  ],
  "val_loss": [
    0.015259930863976479,
    0.014688966795802116,
    0.014228838495910168,
    0.01609174534678459,
    0.015944985672831535,
    0.016517532989382744,
    0.01679595373570919
  ],
  "val_mae": [
    0.1140277311205864,
    0.11185164749622345,
    0.11228585243225098,
    0.1193322166800499,
    0.11962441354990005,
    0.11966169625520706,
    0.12207554280757904
  ],
  "val_mse": [
    0.030519861727952957,
    0.029377933591604233,
    0.028457676991820335,
    0.03218349069356918,
    0.03188997134566307,
    0.03303506597876549,
    0.03359190747141838
  ]
}