{
  "loss": [
    0.022970037534832954,
    0.009830214083194733,
    0.0075323148630559444,
    0.005753378849476576,
    0.005695615895092487,
    0.005244540050625801,
    0.004771902691572905,
    0.004619123414158821,
    0.004549806471914053
  ],
  "mae": [
    0.14352697134017944,
    0.10013654083013535,
    0.08586232364177704,
    0.07427060604095459,
    0.07170160114765167,
    0.06824076920747757,
    0.06422218680381775,
    0.06192532554268837,
    0.06065976247191429
  ],
  "mse": [
    0.04594007506966591,
    0.019663704559206963,
    0.015064629726111889,
    0.011506757698953152,
    0.011391292326152325,
    0.010489080101251602,
    0.00954380538314581,
    0.009238246828317642,
    0.009099612943828106
  ],
  "val_loss": [
    0.01714603416621685,
    0.01563372276723385,
    0.015497452579438686,
    0.014509766362607479,
    0.014386794529855251,
    0.015097969211637974,
    0.01559124980121851,
    0.016931110993027687,
    0.014422914944589138
  ],
  "val_mae": [
    0.1271413415670395,
    0.11895974725484848,
    0.11806084960699081,
    0.11259862035512924,
    0.1117982342839241,
    0.11502595990896225,
    0.11737550050020218,
    0.122742660343647,
    0.11244506388902664
  ],
  "val_mse": [
    0.0342920683324337,
    0.0312674455344677,
    0.030994905158877373,
    0.029019532725214958,
    0.028773589059710503,
    0.030195938423275948,
    0.03118249960243702,
    0.033862221986055374,
    0.028845829889178276
  ]
}