{
  "loss": [
    0.005800205748528242,
    0.005003295373171568,
    0.00480815302580595,
    0.004609968047589064,
    0.004379223566502333,
    0.0042041908018291,
    0.004144242499023676,
    0.004075680393725634,
    0.004016587045043707,
    0.003972652833908796,
    0.003933388739824295,
    0.0039039021357893944,
    0.003861767938360572,
    0.0038341942708939314,
    0.003805703017860651,
    0.0037639420479536057,
    NaN,
    NaN,
    NaN,
    NaN
  ],
  "mae": [
    0.07019168138504028,
    0.06421008706092834,
    0.06327281147241592,
    0.06192214414477348,
    0.059723854064941406,
    0.058012716472148895,
    0.05742393061518669,
    0.0568329356610775,
    0.056240227073431015,
    0.0558374859392643,
    0.055415425449609756,
    0.05504303425550461,
    0.05464579537510872,
    0.054360516369342804,
    0.054014358669519424,
    0.053693994879722595,
    NaN,
    NaN,
    NaN,
    NaN
  ],
  "mse": [
    0.011600411497056484,
    0.010006590746343136,
    0.0096163060516119,
    0.009219936095178127,
    0.008758447133004665,
    0.0084083816036582,
    0.008288484998047352,
    0.008151360787451267,
    0.008033174090087414,
    0.007945305667817593,
    0.00786677747964859,
    0.007807804271578789,
    0.007723535876721144,
    0.007668388541787863,
    0.007611406035721302,
    0.007527884095907211,
    NaN,
    NaN,
    NaN,
    NaN
  ],
  "val_loss": [
    0.010394556447863579,
    0.009550594724714756,
    0.008797088637948036,
    0.007946683093905449,
    0.007167823612689972,
    0.007009927649050951,
    0.006690548732876778,
    0.006497259717434645,
    0.006212433334439993,
    0.006100858561694622,
    0.006169058848172426,
    0.006221362389624119,
    0.00585100008174777,
    0.005266275722533464,
    0.00503550935536623,
    0.0049225385300815105,
    NaN,
    NaN,
    NaN,
    NaN
  ],
  "val_mae": [
    0.09496542811393738,
    0.09181707352399826,
    0.09005449712276459,
    0.08788992464542389,
    0.0838535949587822,
    0.08239728957414627,
    0.08090910315513611,
    0.07940643280744553,
    0.07794579863548279,
    0.07687190920114517,
    0.07668767124414444,
    0.07633186876773834,
    0.07416927814483643,
    0.07024510949850082,
    0.06881868094205856,
    0.06791236996650696,
    NaN,
    NaN,
    NaN,
    NaN
  ],
  "val_mse": [
    0.020789112895727158,
    0.019101189449429512,
    0.017594177275896072,
    0.015893366187810898,
    0.014335647225379944,
    0.014019855298101902,
    0.013381097465753555,
    0.01299451943486929,
    0.012424866668879986,
    0.012201717123389244,
    0.012338117696344852,
    0.012442724779248238,
    0.01170200016349554,
    0.010532551445066929,
    0.01007101871073246,
    0.009845077060163021,
    NaN,
    NaN,
    NaN,
    NaN
  ]
}