{
  "loss": [
    0.005415001418441534,
    0.00456682313233614,
    0.004342519212514162,
    0.004233221523463726,
    0.004127979278564453,
    0.004025443457067013,
    0.003916340414434671,
    0.0038274675607681274,
    0.0037619753275066614,
    0.003700622357428074,
    0.003632399020716548,
    0.0035782991908490658,
    0.003534636925905943,
    0.00348416855558753,
    0.003427127841860056,
    0.0033919981215149164,
    0.0033425961155444384,
    0.003286949824541807,
    0.003247759770601988,
    0.003191967960447073,
    0.0032022942323237658,
    0.0031279027462005615,
    0.0030860903207212687,
    0.0030412469059228897,
    0.003013000125065446,
    0.002974872710183263,
    0.0029192576184868813
  ],
  "mae": [
    0.06879112124443054,
    0.059975385665893555,
    0.05781621113419533,
    0.0569380521774292,
    0.05623643845319748,
    0.055386412888765335,
    0.054404884576797485,
    0.053680211305618286,
    0.053037602454423904,
    0.052469003945589066,
    0.05190243199467659,
    0.05140355974435806,
    0.05099182203412056,
    0.050627272576093674,
    0.050214983522892,
    0.04992388188838959,
    0.04951515793800354,
    0.04912066087126732,
    0.04884523153305054,
    0.04852258041501045,
    0.048486582934856415,
    0.04795383661985397,
    0.04766376316547394,
    0.04730807989835739,
    0.04712236672639847,
    0.046834543347358704,
    0.04645915701985359
  ],
  "mse": [
    0.010830002836883068,
    0.00913364626467228,
    0.008685038425028324,
    0.008466443046927452,
    0.008255958557128906,
    0.008050886914134026,
    0.007832680828869343,
    0.007654935121536255,
    0.007523950655013323,
    0.007401244714856148,
    0.007264798041433096,
    0.0071565983816981316,
    0.007069273851811886,
    0.00696833711117506,
    0.006854255683720112,
    0.006783996243029833,
    0.006685192231088877,
    0.006573899649083614,
    0.006495519541203976,
    0.006383935920894146,
    0.0064045884646475315,
    0.006255805492401123,
    0.006172180641442537,
    0.006082493811845779,
    0.006026000250130892,
    0.005949745420366526,
    0.0058385152369737625
  ],
  "val_loss": [
    0.009744435548782349,
    0.00872526504099369,
    0.008528048172593117,
    0.008219785988330841,
    0.00799040962010622,
    0.007444385439157486,
    0.007287424989044666,
    0.007049890700727701,
    0.0068277278915047646,
    0.006531047634780407,
    0.0063356440514326096,
    0.006164515856653452,
    0.005900067742913961,
    0.005598476156592369,
    0.005444747861474752,
    0.0050379568710923195,
    0.004949015565216541,
    0.0047449409030377865,
    0.004458005540072918,
    0.004441109951585531,
    0.004368373658508062,
    0.004461104050278664,
    0.004098614677786827,
    0.004348238464444876,
    0.0042718504555523396,
    0.004221439827233553,
    0.004107805900275707
  ],
  "val_mae": [
    0.09280171990394592,
    0.08511236310005188,
    0.08411280810832977,
    0.08231714367866516,
    0.08183120936155319,
    0.07757203280925751,
    0.07619764655828476,
    0.07481271028518677,
    0.07344679534435272,
    0.07148952782154083,
    0.06999929994344711,
    0.06867066770792007,
    0.06745555251836777,
    0.06555990129709244,
    0.06446276605129242,
    0.062255702912807465,
    0.06173882633447647,
    0.060303572565317154,
    0.05820606276392937,
    0.05802163854241371,
    0.057123441249132156,
    0.05858491361141205,
    0.055612578988075256,
    0.05671429634094238,
    0.056595705449581146,
    0.056509096175432205,
    0.0553743876516819
  ],
  "val_mse": [
    0.019488871097564697,
    0.01745053008198738,
    0.017056096345186234,
    0.016439571976661682,
    0.01598081924021244,
    0.014888770878314972,
    0.014574849978089333,
    0.014099781401455402,
    0.013655455783009529,
    0.013062095269560814,
    0.012671288102865219,
    0.012329031713306904,
    0.011800135485827923,
    0.011196952313184738,
    0.010889495722949505,
    0.010075913742184639,
    0.009898031130433083,
    0.009489881806075573,
    0.008916011080145836,
    0.008882219903171062,
    0.008736747317016125,
    0.008922208100557327,
    0.008197229355573654,
    0.008696476928889751,
    0.008543700911104679,
    0.008442879654467106,
    0.008215611800551414
  ]
}