{
  "loss": [
    0.005689246580004692,
    0.0049725486896932125,
    0.0047382269985973835,
    0.004560073837637901,
    0.004373031202703714,
    0.004214183427393436,
    0.00412895530462265,
    0.004060203209519386,
    0.004003188572824001,
    0.003963112831115723,
    0.003919865004718304,
    0.0038713032845407724,
    0.0038349181413650513,
    0.003805222688242793,
    0.0037674361374229193,
    0.0037392445374280214,
    0.0037107174284756184,
    0.0036678719334304333,
    0.003644600510597229,
    0.0035946746356785297,
    0.0035556999500840902,
    0.003528802189975977,
    0.0035033051390200853,
    0.003466739784926176,
    0.003453959012404084,
    0.4004323482513428,
    0.0034870177041739225,
    0.003390230005607009,
    0.0033378826919943094,
    0.0032960032112896442,
    0.0032688004430383444,
    0.003252836875617504,
    0.003279912518337369,
    0.003229840425774455,
    0.0032145315781235695
  ],
  "mae": [
    0.06888310611248016,
    0.06372745335102081,
    0.06235490366816521,
    0.060946427285671234,
    0.059417594224214554,
    0.05791984498500824,
    0.05707141011953354,
    0.05648839473724365,
    0.055955562740564346,
    0.055574916303157806,
    0.055235762149095535,
    0.05475747957825661,
    0.05431639403104782,
    0.05404758080840111,
    0.053625624626874924,
    0.053408630192279816,
    0.053135842084884644,
    0.052749790251255035,
    0.05249924957752228,
    0.05204065889120102,
    0.05177941173315048,
    0.051564790308475494,
    0.05130159109830856,
    0.05098377913236618,
    0.050908297300338745,
    0.447763592004776,
    0.051069922745227814,
    0.05038417875766754,
    0.049944303929805756,
    0.049591220915317535,
    0.04935524985194206,
    0.049208369106054306,
    0.04938914626836777,
    0.04902544617652893,
    0.048919398337602615
  ],
  "mse": [
    0.011378493160009384,
    0.009945097379386425,
    0.009476453997194767,
    0.009120147675275803,
    0.008746062405407429,
    0.008428366854786873,
    0.0082579106092453,
    0.008120406419038773,
    0.008006377145648003,
    0.007926225662231445,
    0.007839730009436607,
    0.007742606569081545,
    0.0076698362827301025,
    0.007610445376485586,
    0.0075348722748458385,
    0.007478489074856043,
    0.007421434856951237,
    0.0073357438668608665,
    0.007289201021194458,
    0.0071893492713570595,
    0.0071113999001681805,
    0.007057607173919678,
    0.007006610278040171,
    0.006933479569852352,
    0.006907918024808168,
    23683.33984375,
    0.006974035408347845,
    0.006780460011214018,
    0.006675765383988619,
    0.0065920064225792885,
    0.006537600886076689,
    0.006505673751235008,
    0.006559825036674738,
    0.00645968085154891,
    0.006429063156247139
  ],
  "val_loss": [
    0.01015478651970625,
    0.009536592289805412,
    0.008656110614538193,
    0.007839684374630451,
    0.007239330094307661,
    0.006741099059581757,
    0.006589435040950775,
    0.00636408943682909,
    0.006301614455878735,
    0.0061735352501273155,
    0.005930381827056408,
    0.005713064223527908,
    0.005658247508108616,
    0.005279870703816414,
    0.004907077178359032,
    0.004896017722785473,
    0.004485769663006067,
    0.004304917063564062,
    0.004212185274809599,
    0.004157116636633873,
    0.00418668519705534,
    0.004099131096154451,
    0.004104103893041611,
    0.003974165301769972,
    0.00394977955147624,
    0.0051095690578222275,
    0.00389079749584198,
    0.0037875918205827475,
    0.0037411979865282774,
    0.0037689406890422106,
    0.0036118708085268736,
    0.0037437276914715767,
    0.003648596815764904,
    0.0038347842637449503,
    0.0038268270436674356
  ],
  "val_mae": [
    0.09370997548103333,
    0.09260158240795135,
    0.08975354582071304,
    0.0853777602314949,
    0.08265213668346405,
    0.07939833402633667,
    0.07877916842699051,
    0.07775048166513443,
    0.07724738866090775,
    0.07663203775882721,
    0.07488677650690079,
    0.0730368122458458,
    0.07248882204294205,
    0.06984585523605347,
    0.06729815155267715,
    0.06759604811668396,
    0.06396026909351349,
    0.06222684308886528,
    0.06130518019199371,
    0.06056981533765793,
    0.060688842087984085,
    0.06008583679795265,
    0.05997815355658531,
    0.05828288570046425,
    0.05804934725165367,
    0.06656699627637863,
    0.05697651207447052,
    0.05589830130338669,
    0.05528389662504196,
    0.05538284778594971,
    0.05380724370479584,
    0.05507712811231613,
    0.05430490896105766,
    0.05610198900103569,
    0.055952154099941254
  ],
  "val_mse": [
    0.0203095730394125,
    0.019073184579610825,
    0.017312221229076385,
    0.015679368749260902,
    0.014478660188615322,
    0.013482198119163513,
    0.01317887008190155,
    0.01272817887365818,
    0.01260322891175747,
    0.012347070500254631,
    0.011860763654112816,
    0.011426128447055817,
    0.011316495016217232,
    0.010559741407632828,
    0.009814154356718063,
    0.009792035445570946,
    0.008971539326012135,
    0.008609834127128124,
    0.008424370549619198,
    0.008314233273267746,
    0.00837337039411068,
    0.008198262192308903,
    0.008208207786083221,
    0.007948330603539944,
    0.00789955910295248,
    0.010219138115644455,
    0.00778159499168396,
    0.007575183641165495,
    0.007482395973056555,
    0.007537881378084421,
    0.007223741617053747,
    0.007487455382943153,
    0.007297193631529808,
    0.007669568527489901,
    0.007653654087334871
  ]
}