{
  "loss": [
    0.014065627008676529,
    0.00974989589303732,
    0.006627763621509075,
    0.00522611802443862,
    0.004778900649398565,
    0.004633217118680477,
    0.004759602714329958
  ],
  "mae": [
    0.12348520755767822,
    0.09860660135746002,
    0.0796223133802414,
    0.06962719559669495,
    0.0651991069316864,
    0.06358727812767029,
    0.06459590792655945
  ],
  "mse": [
    0.028131254017353058,
    0.01949979178607464,
    0.01325552724301815,
    0.01045223604887724,
    0.00955780129879713,
    0.009266434237360954,
    0.009519205428659916
  ],
  "val_loss": [
    0.028588473796844482,
    0.017463507130742073,
    0.016084223985671997,
    0.01651744730770588,
    0.01650378853082657,
    0.016741067171096802,
    0.016363944858312607
  ],
  "val_mae": [
    0.16030879318714142,
    0.12002138793468475,
    0.11759393662214279,
    0.11824501305818558,
    0.11830081790685654,
    0.11719389259815216,
    0.12064773589372635
  ],
  "val_mse": [
    0.057176947593688965,
    0.034927014261484146,
    0.032168447971343994,
    0.03303489461541176,
    0.03300757706165314,
    0.033482134342193604,
    0.032727889716625214
  ]
}