{
  "loss": [
    0.01661190204322338,
    0.007061556447297335,
    0.006101290695369244,
    0.0054849423468112946,
    0.005342197138816118
  ],
  "mae": [
    0.12980803847312927,
    0.08457300066947937,
    0.07609902322292328,
    0.07128750532865524,
    0.06958972662687302
  ],
  "mse": [
    0.03322380408644676,
    0.01412311289459467,
    0.012202581390738487,
    0.010969884693622589,
    0.010684394277632236
  ],
  "val_loss": [
    0.016037531197071075,
    0.01631641574203968,
    0.017065685242414474,
    0.01609080843627453,
    0.0166244525462389
  ],
  "val_mae": [
    0.1220749169588089,
    0.12174729257822037,
    0.12480085343122482,
    0.12173976749181747,
    0.12582382559776306
  ],
  "val_mse": [
    0.03207506239414215,
    0.03263283148407936,
    0.03413137048482895,
    0.03218161687254906,
    0.0332489050924778
  ]
}