{
  "loss": [
    0.02005639486014843,
    0.012017969973385334,
    0.007665558718144894,
    0.005275871139019728,
    0.005124016664922237,
    0.005010747816413641,
    0.0048002335242927074,
    0.005117764230817556,
    0.0046352120116353035,
    0.004490597639232874,
    0.005467894487082958,
    0.004852271173149347
  ],
  "mae": [
    0.13980278372764587,
    0.10750610381364822,
    0.0876234769821167,
    0.07094334810972214,
    0.06744758784770966,
    0.06556601077318192,
    0.06359217315912247,
    0.06392434984445572,
    0.06141865625977516,
    0.05934566631913185,
    0.06515941023826599,
    0.061997588723897934
  ],
  "mse": [
    0.04011344537138939,
    0.024035939946770668,
    0.015331117436289787,
    0.010551742278039455,
    0.010248033329844475,
    0.010021495632827282,
    0.009600467048585415,
    0.010235528461635113,
    0.009270424023270607,
    0.008981195278465748,
    0.010935788974165916,
    0.009704542346298695
  ],
  "val_loss": [
    0.0227129515260458,
    0.01791582629084587,
    0.01623779535293579,
    0.016261447221040726,
    0.015484530478715897,
    0.015209851786494255,
    0.015841025859117508,
    0.015174631029367447,
    0.015538609586656094,
    0.017874538898468018,
    0.01548275351524353,
    0.016642829403281212
  ],
  "val_mae": [
    0.13794143497943878,
    0.13051550090312958,
    0.12313330173492432,
    0.12278038263320923,
    0.12076897919178009,
    0.11621969193220139,
    0.12015736848115921,
    0.11859563738107681,
    0.11808399111032486,
    0.12047798931598663,
    0.12032444030046463,
    0.12004014104604721
  ],
  "val_mse": [
    0.0454259030520916,
    0.03583165258169174,
    0.03247559070587158,
    0.03252289444208145,
    0.030969060957431793,
    0.03041970357298851,
    0.031682051718235016,
    0.030349262058734894,
    0.031077219173312187,
    0.035749077796936035,
    0.03096550703048706,
    0.033285658806562424
  ]
}