{
  "loss": [
    0.006303995382040739,
    0.005114501342177391,
    0.0049687945283949375,
    0.00492051662877202,
    0.00484362430870533,
    0.004800162743777037,
    0.00478539289906621,
    0.00473480299115181,
    0.004753305576741695,
    0.004665171727538109,
    0.0046676876954734325,
    0.00458359532058239,
    0.004580248612910509,
    0.005301260389387608,
    0.004806898534297943,
    0.004743252415210009,
    0.004642906598746777,
    0.004588880110532045,
    0.004552253056317568,
    0.004524027928709984,
    0.004530999809503555,
    0.004492763429880142,
    0.0046149129047989845,
    0.004410105757415295,
    0.004471822176128626,
    0.004622664302587509,
    0.005200983490794897
  ],
  "mae": [
    0.07394310086965561,
    0.06599240005016327,
    0.0649450346827507,
    0.06485164165496826,
    0.06395234167575836,
    0.06354121118783951,
    0.06326639652252197,
    0.0628608912229538,
    0.06294591724872589,
    0.06219419464468956,
    0.06221959739923477,
    0.06144506111741066,
    0.061382487416267395,
    0.06789407134056091,
    0.06348173320293427,
    0.06274357438087463,
    0.06188631430268288,
    0.0614619217813015,
    0.06100744381546974,
    0.06083347275853157,
    0.060771770775318146,
    0.060444872826337814,
    0.06147943437099457,
    0.05969619005918503,
    0.060201458632946014,
    0.06162058562040329,
    0.06589967012405396
  ],
  "mse": [
    0.012608704157173634,
    0.010229002684354782,
    0.009937589056789875,
    0.00984103325754404,
    0.00968724861741066,
    0.009600325487554073,
    0.00957078579813242,
    0.00946960598230362,
    0.00950661115348339,
    0.009330343455076218,
    0.009335375390946865,
    0.00916719064116478,
    0.009160497225821018,
    0.010602520778775215,
    0.009613797068595886,
    0.009486504830420017,
    0.009285813197493553,
    0.00917776022106409,
    0.009104506112635136,
    0.009048055857419968,
    0.00906199961900711,
    0.008985526859760284,
    0.009229825809597969,
    0.00882021151483059,
    0.008943644352257252,
    0.009245328605175018,
    0.010401967912912369
  ],
  "val_loss": [
    0.010163048282265663,
    0.009372318163514137,
    0.009019833989441395,
    0.00905696488916874,
    0.009141921997070312,
    0.008963662199676037,
    0.00912085734307766,
    0.00884106196463108,
    0.00868139322847128,
    0.00938144139945507,
    0.009125137701630592,
    0.008362899534404278,
    0.007788931019604206,
    0.007810737006366253,
    0.007546976208686829,
    0.007819103077054024,
    0.007858334109187126,
    0.007524878717958927,
    0.007267497479915619,
    0.0069780354388058186,
    0.007127095945179462,
    0.0068917167373001575,
    0.006776127032935619,
    0.007101220078766346,
    0.007008834276348352,
    0.008983923122286797,
    0.007447469513863325
  ],
  "val_mae": [
    0.09434453397989273,
    0.0916302353143692,
    0.09041900187730789,
    0.09083728492259979,
    0.09120072424411774,
    0.08919141441583633,
    0.09198028594255447,
    0.09028086811304092,
    0.0904969647526741,
    0.0926651731133461,
    0.09175343066453934,
    0.08744338154792786,
    0.08381441980600357,
    0.08461634069681168,
    0.08383944630622864,
    0.08501981943845749,
    0.0852777287364006,
    0.08328508585691452,
    0.08172079175710678,
    0.08033309876918793,
    0.08098781108856201,
    0.07986453920602798,
    0.07830777019262314,
    0.08021721243858337,
    0.07961292564868927,
    0.09322237968444824,
    0.08282402157783508
  ],
  "val_mse": [
    0.020326096564531326,
    0.018744636327028275,
    0.01803966797888279,
    0.01811392977833748,
    0.018283843994140625,
    0.017927324399352074,
    0.01824171468615532,
    0.01768212392926216,
    0.01736278645694256,
    0.01876288279891014,
    0.018250275403261185,
    0.016725799068808556,
    0.015577862039208412,
    0.015621474012732506,
    0.015093952417373657,
    0.015638206154108047,
    0.015716668218374252,
    0.015049757435917854,
    0.014534994959831238,
    0.013956070877611637,
    0.014254191890358925,
    0.013783433474600315,
    0.013552254065871239,
    0.014202440157532692,
    0.014017668552696705,
    0.017967846244573593,
    0.01489493902772665
  ]
}