{
  "loss": [
    0.1339116394519806,
    0.0464349240064621,
    0.02562185376882553,
    0.019490642473101616,
    0.016089485958218575,
    0.014909802936017513,
    0.013413800857961178
  ],
  "mae": [
    0.4120873212814331,
    0.23991870880126953,
    0.17866584658622742,
    0.15533031523227692,
    0.14023186266422272,
    0.13469359278678894,
    0.1275148242712021
  ],
  "mse": [
    0.2738114595413208,
    0.09292782843112946,
    0.05124428868293762,
    0.038981322199106216,
    0.03217897191643715,
    0.029819605872035027,
    0.026827607303857803
  ],
  "val_loss": [
    0.036230817437171936,
    0.022865379229187965,
    0.0206659734249115,
    0.02316245622932911,
    0.023978011682629585,
    0.028399858623743057,
    0.0296302642673254
  ],
  "val_mae": [
    0.20573151111602783,
    0.15803441405296326,
    0.14969538152217865,
    0.16900092363357544,
    0.15789100527763367,
    0.1706359088420868,
    0.1781608760356903
  ],
  "val_mse": [
    0.07247038185596466,
    0.04573075845837593,
    0.041331946849823,
    0.04632491245865822,
    0.04795602336525917,
    0.05680001154541969,
    0.0592605322599411
  ]
}