{
  "loss": [
    0.18364545702934265,
    0.12978291511535645,
    0.107263945043087,
    0.07360813021659851,
    0.05465729162096977,
    0.035482071340084076,
    0.032961878925561905,
    0.02728518471121788,
    0.018961114808917046,
    0.014170162379741669,
    0.013368655927479267
  ],
  "mae": [
    0.4891546666622162,
    0.4086579382419586,
    0.3704623579978943,
    0.3051811754703522,
    0.2614533305168152,
    0.21043531596660614,
    0.20161564648151398,
    0.1821117103099823,
    0.15190251171588898,
    0.13041479885578156,
    0.12531565129756927
  ],
  "mse": [
    0.38265204429626465,
    0.26349401473999023,
    0.21614478528499603,
    0.14754921197891235,
    0.10941585898399353,
    0.07096929103136063,
    0.06593090295791626,
    0.054574429988861084,
    0.03792222961783409,
    0.028340324759483337,
    0.026737311854958534
  ],
  "val_loss": [
    0.02473624050617218,
    0.03393712267279625,
    0.03774085268378258,
    0.039066676050424576,
    0.022954903542995453,
    0.037152405828237534,
    0.019717948511242867,
    0.027098258957266808,
    0.028533359989523888,
    0.03113124892115593,
    0.023902980610728264
  ],
  "val_mae": [
    0.17287792265415192,
    0.2066899836063385,
    0.21174827218055725,
    0.20815128087997437,
    0.1573822945356369,
    0.197952538728714,
    0.1444934457540512,
    0.1767967790365219,
    0.1707119345664978,
    0.17307914793491364,
    0.15263977646827698
  ],
  "val_mse": [
    0.04947248101234436,
    0.0678742453455925,
    0.0754919946193695,
    0.0781334713101387,
    0.04590983688831329,
    0.0743073970079422,
    0.03943589702248573,
    0.054196517914533615,
    0.057066719979047775,
    0.06226249784231186,
    0.04780596122145653
  ]
}