{
  "loss": [
    0.028721347451210022,
    0.010842723771929741,
    0.008312768302857876,
    0.007104874588549137,
    0.0071958876214921474,
    0.005930264946073294
  ],
  "mae": [
    0.16965535283088684,
    0.10527423024177551,
    0.0909389927983284,
    0.08231215924024582,
    0.08055763691663742,
    0.07347129285335541
  ],
  "mse": [
    0.05752064660191536,
    0.02168598212301731,
    0.01662553660571575,
    0.014209749177098274,
    0.014391817152500153,
    0.011860529892146587
  ],
  "val_loss": [
    0.015481190755963326,
    0.014755104668438435,
    0.015767449513077736,
    0.018076501786708832,
    0.016355231404304504,
    0.01546380203217268
  ],
  "val_mae": [
    0.12042027711868286,
    0.1139240637421608,
    0.11944308876991272,
    0.12819693982601166,
    0.12142948061227798,
    0.1183863952755928
  ],
  "val_mse": [
    0.03096238151192665,
    0.02951020933687687,
    0.03153489902615547,
    0.036153003573417664,
    0.03271046280860901,
    0.03092760406434536
  ]
}