{
  "loss": [
    0.1654680222272873,
    0.10912460088729858,
    0.06969840824604034,
    0.04396761581301689,
    0.04544532671570778
  ],
  "mae": [
    0.46307703852653503,
    0.37249061465263367,
    0.29553723335266113,
    0.23420867323875427,
    0.23583509027957916
  ],
  "mse": [
    0.3414095640182495,
    0.22035738825798035,
    0.13973066210746765,
    0.08796323835849762,
    0.09096700698137283
  ],
  "val_loss": [
    0.032819733023643494,
    0.048913855105638504,
    0.0527140237390995,
    0.039646998047828674,
    0.05517653375864029
  ],
  "val_mae": [
    0.19442562758922577,
    0.2359766811132431,
    0.2516753077507019,
    0.21383036673069,
    0.24759115278720856
  ],
  "val_mse": [
    0.06563946604728699,
    0.0981549546122551,
    0.10543259978294373,
    0.07929719984531403,
    0.11042291671037674
  ]
}