{
  "loss": [
    0.014236628077924252,
    0.005439989734441042,
    0.005809900350868702,
    0.005503208842128515,
    0.005447909701615572,
    0.005448336247354746
  ],
  "mae": [
    0.10961940884590149,
    0.06956323981285095,
    0.07233776152133942,
    0.06965239346027374,
    0.06884299963712692,
    0.06907335668802261
  ],
  "mse": [
    0.028661632910370827,
    0.010879979468882084,
    0.011619800701737404,
    0.01100641768425703,
    0.010895819403231144,
    0.010896672494709492
  ],
  "val_loss": [
    0.010789398103952408,
    0.010183115489780903,
    0.011215689592063427,
    0.011538853868842125,
    0.011767962947487831,
    0.011458838358521461
  ],
  "val_mae": [
    0.10241862386465073,
    0.0963524580001831,
    0.10352098196744919,
    0.10655965656042099,
    0.10935775935649872,
    0.10501118004322052
  ],
  "val_mse": [
    0.021578796207904816,
    0.020366230979561806,
    0.022431379184126854,
    0.02307770773768425,
    0.023535925894975662,
    0.022917676717042923
  ]
}