{
  "loss": [
    0.18169960379600525,
    0.12755471467971802,
    0.09759847074747086,
    0.07078924775123596,
    0.05157077684998512,
    0.033117491751909256,
    0.028726017102599144,
    0.026894284412264824,
    0.02112429216504097,
    0.020725222304463387,
    0.014550798572599888,
    0.013231396675109863,
    0.012078794650733471,
    0.013673012144863605
  ],
  "mae": [
    0.486017107963562,
    0.4055614471435547,
    0.3529922366142273,
    0.29960283637046814,
    0.2553287446498871,
    0.20376931130886078,
    0.1883990317583084,
    0.1809842884540558,
    0.16124340891838074,
    0.15972736477851868,
    0.13304226100444794,
    0.12591002881526947,
    0.12097712606191635,
    0.12788863480091095
  ],
  "mse": [
    0.3782763183116913,
    0.2585080564022064,
    0.19639205932617188,
    0.14185670018196106,
    0.10317714512348175,
    0.06623982638120651,
    0.05745287612080574,
    0.05378944054245949,
    0.04224868491292,
    0.04145044460892677,
    0.029101725667715073,
    0.026462793350219727,
    0.024157589301466942,
    0.02734602428972721
  ],
  "val_loss": [
    0.025692811235785484,
    0.02219107560813427,
    0.02923639491200447,
    0.040620531886816025,
    0.02559136413037777,
    0.02151559852063656,
    0.01915983483195305,
    0.017177360132336617,
    0.019761063158512115,
    0.01621384359896183,
    0.01652655005455017,
    0.01623588800430298,
    0.01948889158666134,
    0.01673748344182968
  ],
  "val_mae": [
    0.17189113795757294,
    0.1618669629096985,
    0.1824055314064026,
    0.2185932695865631,
    0.1813044399023056,
    0.15880544483661652,
    0.14359863102436066,
    0.1405191272497177,
    0.14175306260585785,
    0.1372140645980835,
    0.12997809052467346,
    0.13076215982437134,
    0.154449924826622,
    0.13236218690872192
  ],
  "val_mse": [
    0.05138562247157097,
    0.04438215121626854,
    0.05847278982400894,
    0.08125100284814835,
    0.05118272826075554,
    0.04303119704127312,
    0.0383196696639061,
    0.03435472026467323,
    0.03952212631702423,
    0.03242768719792366,
    0.03305310010910034,
    0.03247177600860596,
    0.03897778317332268,
    0.03347496688365936
  ]
}