{
  "loss": [
    0.1621873825788498,
    0.0966196209192276,
    0.0557825081050396,
    0.0342707633972168,
    0.027876976877450943,
    0.021128760650753975,
    0.018324851989746094,
    0.015703339129686356,
    0.013848012313246727,
    0.01393245067447424,
    0.015605446882545948,
    0.013187844306230545,
    0.01043375488370657,
    0.010874937288463116,
    0.009347766637802124,
    0.009004211984574795
  ],
  "mae": [
    0.4586992561817169,
    0.35065048933029175,
    0.26490071415901184,
    0.20700792968273163,
    0.18609394133090973,
    0.1617201864719391,
    0.15073472261428833,
    0.13855764269828796,
    0.12972359359264374,
    0.12973660230636597,
    0.137334942817688,
    0.12630333006381989,
    0.1103750690817833,
    0.11306717991828918,
    0.10525225102901459,
    0.10173559188842773
  ],
  "mse": [
    0.3335772156715393,
    0.19443410634994507,
    0.11163444817066193,
    0.06854383647441864,
    0.05575418099761009,
    0.04225756973028183,
    0.03664970397949219,
    0.03140667825937271,
    0.027696024626493454,
    0.02786490134894848,
    0.031210893765091896,
    0.02637568861246109,
    0.02086750976741314,
    0.02174987457692623,
    0.018695533275604248,
    0.01800842396914959
  ],
  "val_loss": [
    0.0366048626601696,
    0.03541714325547218,
    0.029016634449362755,
    0.034038037061691284,
    0.034175481647253036,
    0.031104564666748047,
    0.021092841401696205,
    0.01918976940214634,
    0.01602851040661335,
    0.026784565299749374,
    0.018120603635907173,
    0.015122736804187298,
    0.020148765295743942,
    0.019749846309423447,
    0.01790732704102993,
    0.019560979679226875
  ],
  "val_mae": [
    0.20982299745082855,
    0.20818835496902466,
    0.1835264414548874,
    0.19469092786312103,
    0.20353963971138,
    0.18426916003227234,
    0.15641792118549347,
    0.14716443419456482,
    0.13418644666671753,
    0.17062368988990784,
    0.13664546608924866,
    0.13108263909816742,
    0.14507772028446198,
    0.14870868623256683,
    0.14338617026805878,
    0.1362137794494629
  ],
  "val_mse": [
    0.07320992648601532,
    0.07083428651094437,
    0.05803326889872551,
    0.06810230761766434,
    0.06835111975669861,
    0.062209535390138626,
    0.04218568280339241,
    0.03837953880429268,
    0.0320570208132267,
    0.05356913059949875,
    0.036241207271814346,
    0.030245473608374596,
    0.040297530591487885,
    0.03949969261884689,
    0.03581465408205986,
    0.03912195935845375
  ]
}