{
  "loss": [
    0.17140737175941467,
    0.11747150123119354,
    0.0743856132030487,
    0.047683246433734894,
    0.037911783903837204,
    0.026843080297112465,
    0.026709407567977905
  ],
  "mae": [
    0.47236400842666626,
    0.38802027702331543,
    0.3067038357257843,
    0.24443978071212769,
    0.21711376309394836,
    0.18098518252372742,
    0.17894864082336426
  ],
  "mse": [
    0.354593962430954,
    0.23770062625408173,
    0.14910589158535004,
    0.09540868550539017,
    0.07583636045455933,
    0.05368828400969505,
    0.0534244067966938
  ],
  "val_loss": [
    0.027871938422322273,
    0.04330296441912651,
    0.02494903653860092,
    0.04030655696988106,
    0.04069972038269043,
    0.028958400711417198,
    0.043256182223558426
  ],
  "val_mae": [
    0.18013152480125427,
    0.23324131965637207,
    0.1809687465429306,
    0.22150002419948578,
    0.21053338050842285,
    0.17865140736103058,
    0.22276972234249115
  ],
  "val_mse": [
    0.055743876844644547,
    0.08660592883825302,
    0.04989807307720184,
    0.08061489462852478,
    0.08141335844993591,
    0.05791683495044708,
    0.0865124985575676
  ]
}