{
  "loss": [
    0.006363824475556612,
    0.005261104088276625,
    0.005095202475786209,
    0.004919997416436672,
    0.005323674064129591,
    0.005065044388175011,
    0.004907050635665655,
    0.004889788571745157,
    0.004850019235163927,
    0.004839787259697914,
    0.004693067632615566,
    0.005722649861127138,
    0.005375365260988474,
    0.0049666352570056915,
    0.004751489032059908,
    0.004725383594632149,
    0.004784141667187214,
    0.004595747217535973,
    0.004638060927391052,
    0.004521684255450964,
    0.004477519076317549,
    0.0044672065414488316,
    0.005428032483905554,
    0.0047831665724515915,
    0.0062256320379674435
  ],
  "mae": [
    0.07380788028240204,
    0.06675795465707779,
    0.06598367542028427,
    0.06472417712211609,
    0.06792514771223068,
    0.06596703827381134,
    0.06428802758455276,
    0.06405992805957794,
    0.0636933445930481,
    0.0635657086968422,
    0.06221887096762657,
    0.0697203278541565,
    0.06739863753318787,
    0.06439493596553802,
    0.06266830861568451,
    0.06244605407118797,
    0.06294133514165878,
    0.0616157203912735,
    0.061696186661720276,
    0.06076352670788765,
    0.0604412779211998,
    0.06027984246611595,
    0.0681968405842781,
    0.06327395141124725,
    0.07250591367483139
  ],
  "mse": [
    0.012728971429169178,
    0.01052220817655325,
    0.010190404951572418,
    0.009839994832873344,
    0.010647348128259182,
    0.010130088776350021,
    0.00981410127133131,
    0.009779577143490314,
    0.009700038470327854,
    0.009679574519395828,
    0.009386135265231133,
    0.011445299722254276,
    0.010750730521976948,
    0.009933270514011383,
    0.009502978064119816,
    0.009450769051909447,
    0.009568283334374428,
    0.009191494435071945,
    0.009276121854782104,
    0.009043368510901928,
    0.008955038152635098,
    0.008934413082897663,
    0.010856064967811108,
    0.009566333144903183,
    0.012451264075934887
  ],
  "val_loss": [
    0.010415056720376015,
    0.009843734093010426,
    0.009693571366369724,
    0.009460541419684887,
    0.009814669378101826,
    0.00943749025464058,
    0.00928683765232563,
    0.008826657198369503,
    0.009183117188513279,
    0.008817520923912525,
    0.008625533431768417,
    0.00914898794144392,
    0.008602602407336235,
    0.008671896532177925,
    0.008667470887303352,
    0.008789555169641972,
    0.008298835717141628,
    0.008195780217647552,
    0.008160997182130814,
    0.007784638088196516,
    0.00776448892429471,
    0.007898081094026566,
    0.008661176078021526,
    0.007921582087874413,
    0.010333523154258728
  ],
  "val_mae": [
    0.09531654417514801,
    0.09356377273797989,
    0.09295043349266052,
    0.09208802878856659,
    0.09411390125751495,
    0.09160283952951431,
    0.09100664407014847,
    0.08838061988353729,
    0.09134118258953094,
    0.09000250697135925,
    0.08911125361919403,
    0.09311364591121674,
    0.08945329487323761,
    0.09032079577445984,
    0.08884583413600922,
    0.08973146229982376,
    0.08788484334945679,
    0.08646853268146515,
    0.0869404748082161,
    0.08447257429361343,
    0.08457285165786743,
    0.08486723154783249,
    0.08944869786500931,
    0.08616691082715988,
    0.09713268280029297
  ],
  "val_mse": [
    0.02083011344075203,
    0.01968746818602085,
    0.01938714273273945,
    0.018921082839369774,
    0.01962933875620365,
    0.01887498050928116,
    0.01857367530465126,
    0.017653314396739006,
    0.018366234377026558,
    0.01763504184782505,
    0.017251066863536835,
    0.01829797588288784,
    0.01720520481467247,
    0.01734379306435585,
    0.017334941774606705,
    0.017579110339283943,
    0.016597671434283257,
    0.016391560435295105,
    0.016321994364261627,
    0.015569276176393032,
    0.01552897784858942,
    0.01579616218805313,
    0.017322352156043053,
    0.015843164175748825,
    0.020667046308517456
  ]
}