{
  "loss": [
    0.020541295409202576,
    0.009443389251828194,
    0.008705885149538517,
    0.007393591105937958,
    0.005879772827029228
  ],
  "mae": [
    0.13929714262485504,
    0.09366480261087418,
    0.08826379477977753,
    0.0784555971622467,
    0.06988370418548584
  ],
  "mse": [
    0.04108629375696182,
    0.0188868697732687,
    0.017412276938557625,
    0.014787182211875916,
    0.011759545654058456
  ],
  "val_loss": [
    0.014325987547636032,
    0.016978301107883453,
    0.02087305299937725,
    0.018394915387034416,
    0.015264494344592094
  ],
  "val_mae": [
    0.11153390258550644,
    0.12360146641731262,
    0.13685551285743713,
    0.12853263318538666,
    0.11647839099168777
  ],
  "val_mse": [
    0.028651975095272064,
    0.03395660221576691,
    0.0417461059987545,
    0.03678983077406883,
    0.03052898868918419
  ]
}