{
  "loss": [
    0.014519288204610348,
    0.005886531434953213,
    0.005595006048679352,
    0.005510556511580944,
    0.005526578053832054
  ],
  "mae": [
    0.1112942099571228,
    0.073487289249897,
    0.07046164572238922,
    0.06995601952075958,
    0.07006514817476273
  ],
  "mse": [
    0.029231706634163857,
    0.011773062869906425,
    0.011190012097358704,
    0.011021113023161888,
    0.011053156107664108
  ],
  "val_loss": [
    0.011395682580769062,
    0.012942597270011902,
    0.012572825886309147,
    0.01225325744599104,
    0.013363069854676723
  ],
  "val_mae": [
    0.10798641294240952,
    0.10795986652374268,
    0.10754749923944473,
    0.10722215473651886,
    0.11539366841316223
  ],
  "val_mse": [
    0.022791365161538124,
    0.025885194540023804,
    0.025145651772618294,
    0.02450651489198208,
    0.026726139709353447
  ]
}