{
  "loss": [
    0.031567566096782684,
    0.011986983008682728,
    0.008147548884153366,
    0.007866517640650272,
    0.0072915456257760525,
    0.005796533077955246,
    0.00606550695374608,
    0.006071215029805899,
    0.005463909357786179
  ],
  "mae": [
    0.17544175684452057,
    0.10997936129570007,
    0.09085507690906525,
    0.0867689996957779,
    0.08305453509092331,
    0.07459565252065659,
    0.07483870536088943,
    0.0749763771891594,
    0.07122909277677536
  ],
  "mse": [
    0.06318262219429016,
    0.023973966017365456,
    0.016295097768306732,
    0.015733035281300545,
    0.014583091251552105,
    0.011593066155910492,
    0.01213101390749216,
    0.012142430059611797,
    0.010927818715572357
  ],
  "val_loss": [
    0.020839888602495193,
    0.018010083585977554,
    0.016778763383626938,
    0.016438981518149376,
    0.015213307924568653,
    0.015985189005732536,
    0.01684076152741909,
    0.01794404909014702,
    0.016176635399460793
  ],
  "val_mae": [
    0.14336447417736053,
    0.12814347445964813,
    0.12211490422487259,
    0.1224418357014656,
    0.1168508529663086,
    0.12058465927839279,
    0.12426915019750595,
    0.1266525834798813,
    0.12029017508029938
  ],
  "val_mse": [
    0.04167977720499039,
    0.03602016717195511,
    0.033557526767253876,
    0.03287796303629875,
    0.030426615849137306,
    0.03197037801146507,
    0.03368152305483818,
    0.03588809818029404,
    0.032353270798921585
  ]
}