{
  "loss": [
    0.01442397478967905,
    0.00558424973860383,
    0.005491291172802448,
    0.005508451256901026,
    0.005458415951579809,
    0.005487530957907438,
    0.005482426378875971,
    0.005487188696861267
  ],
  "mae": [
    0.11071063578128815,
    0.07078083604574203,
    0.06978516280651093,
    0.06937490403652191,
    0.06917668879032135,
    0.06981564313173294,
    0.06998258084058762,
    0.06995672732591629
  ],
  "mse": [
    0.02901868335902691,
    0.01116849947720766,
    0.010982582345604897,
    0.011016902513802052,
    0.010916831903159618,
    0.010975061915814877,
    0.010964852757751942,
    0.010974377393722534
  ],
  "val_loss": [
    0.011440174654126167,
    0.011621128767728806,
    0.01124588306993246,
    0.010833998210728168,
    0.011020940728485584,
    0.0112582016736269,
    0.01107846014201641,
    0.01153835840523243
  ],
  "val_mae": [
    0.10652859508991241,
    0.10575409233570099,
    0.10194306820631027,
    0.1012624204158783,
    0.09973346441984177,
    0.10740002244710922,
    0.10436858981847763,
    0.10528198629617691
  ],
  "val_mse": [
    0.022880349308252335,
    0.02324225753545761,
    0.02249176613986492,
    0.021667996421456337,
    0.02204188145697117,
    0.0225164033472538,
    0.02215692028403282,
    0.02307671681046486
  ]
}