{
  "loss": [
    0.021584127098321915,
    0.009810969233512878,
    0.009657184593379498,
    0.0066619934514164925,
    0.005958623718470335
  ],
  "mae": [
    0.14378231763839722,
    0.09581480175256729,
    0.09313598275184631,
    0.07655453681945801,
    0.070669025182724
  ],
  "mse": [
    0.043169163167476654,
    0.019623059779405594,
    0.019314369186758995,
    0.013323986902832985,
    0.011917262338101864
  ],
  "val_loss": [
    0.015090391971170902,
    0.018960554152727127,
    0.019075946882367134,
    0.018900839611887932,
    0.019477112218737602
  ],
  "val_mae": [
    0.11887281388044357,
    0.12181620299816132,
    0.13219118118286133,
    0.12989874184131622,
    0.13154935836791992
  ],
  "val_mse": [
    0.030180783942341805,
    0.037921108305454254,
    0.03815189376473427,
    0.037801679223775864,
    0.038954224437475204
  ]
}