{
  "loss": [
    0.021085061132907867,
    0.0109581733122468,
    0.008257540874183178,
    0.006592431105673313,
    0.006414112634956837,
    0.0069238897413015366,
    0.005968243349343538,
    0.005932549946010113
  ],
  "mae": [
    0.13841845095157623,
    0.10252692550420761,
    0.08825009316205978,
    0.07801016420125961,
    0.07497292757034302,
    0.07611782848834991,
    0.06990083307027817,
    0.06953606009483337
  ],
  "mse": [
    0.042182229459285736,
    0.0219163466244936,
    0.016515228897333145,
    0.013184862211346626,
    0.012828239239752293,
    0.013847815804183483,
    0.011936486698687077,
    0.011865099892020226
  ],
  "val_loss": [
    0.022626811638474464,
    0.017223654314875603,
    0.016064349561929703,
    0.015289871953427792,
    0.02039651945233345,
    0.02029859647154808,
    0.01663554646074772,
    0.017544137313961983
  ],
  "val_mae": [
    0.13831797242164612,
    0.12329475581645966,
    0.12017567455768585,
    0.1163863092660904,
    0.1350930780172348,
    0.13151468336582184,
    0.11706401407718658,
    0.11868349462747574
  ],
  "val_mse": [
    0.04525362327694893,
    0.034447308629751205,
    0.032128699123859406,
    0.030579743906855583,
    0.0407930389046669,
    0.04059719294309616,
    0.03327109292149544,
    0.035088274627923965
  ]
}