{
  "loss": [
    0.03075825795531273,
    0.014620114117860794,
    0.009849492460489273,
    0.007776865269988775,
    0.006673794239759445,
    0.00766768166795373,
    0.009139792993664742
  ],
  "mae": [
    0.17793883383274078,
    0.12282058596611023,
    0.09964907169342041,
    0.08863900601863861,
    0.08153065294027328,
    0.08519794791936874,
    0.09148076921701431
  ],
  "mse": [
    0.06151712313294411,
    0.029240228235721588,
    0.019698984920978546,
    0.015553831122815609,
    0.01334758847951889,
    0.01533536333590746,
    0.018279749900102615
  ],
  "val_loss": [
    0.018792511895298958,
    0.016533030197024345,
    0.014910757541656494,
    0.015547391958534718,
    0.01545221172273159,
    0.02641380950808525,
    0.015433545224368572
  ],
  "val_mae": [
    0.13706792891025543,
    0.12148823589086533,
    0.11945869028568268,
    0.12228090316057205,
    0.11901339888572693,
    0.15425337851047516,
    0.1212896853685379
  ],
  "val_mse": [
    0.037585023790597916,
    0.03306606039404869,
    0.02982151508331299,
    0.031094783917069435,
    0.03090442344546318,
    0.0528276190161705,
    0.030867090448737144
  ]
}