{
  "loss": [
    0.006279621738940477,
    0.005267773289233446,
    0.004993792157620192,
    0.004879283253103495,
    0.0049132974818348885,
    0.004776271525770426,
    0.004754665307700634,
    0.004900572821497917,
    0.004678612574934959,
    0.00466111721470952,
    0.004750934429466724,
    0.005750140640884638,
    0.004970660898834467,
    0.005325969774276018,
    0.005116375628858805
  ],
  "mae": [
    0.0739886686205864,
    0.0672570988535881,
    0.0650685727596283,
    0.06403189152479172,
    0.06428936123847961,
    0.06310679018497467,
    0.06283871829509735,
    0.0640977993607521,
    0.062079690396785736,
    0.06165887415409088,
    0.06252935528755188,
    0.07028212398290634,
    0.06488646566867828,
    0.06696395576000214,
    0.06617490202188492
  ],
  "mse": [
    0.012559347786009312,
    0.010535546578466892,
    0.009987584315240383,
    0.00975856650620699,
    0.009826594963669777,
    0.009552543051540852,
    0.009509330615401268,
    0.009801147505640984,
    0.009357225149869919,
    0.00932223442941904,
    0.009501868858933449,
    0.011500300839543343,
    0.009941321797668934,
    0.010651939548552036,
    0.01023275125771761
  ],
  "val_loss": [
    0.010899302549660206,
    0.009391346015036106,
    0.008998882956802845,
    0.008919581770896912,
    0.008702820166945457,
    0.008532186038792133,
    0.008568528108298779,
    0.008554733358323574,
    0.008727801963686943,
    0.008376616053283215,
    0.008141370490193367,
    0.009174996986985207,
    0.009179625660181046,
    0.00949645135551691,
    0.008993072435259819
  ],
  "val_mae": [
    0.10108257830142975,
    0.09170205891132355,
    0.08973218500614166,
    0.08848825097084045,
    0.08847308903932571,
    0.0889161229133606,
    0.08867715299129486,
    0.08888992667198181,
    0.08977875858545303,
    0.08828285336494446,
    0.08747544139623642,
    0.09238804876804352,
    0.09192228317260742,
    0.09246309846639633,
    0.09027652442455292
  ],
  "val_mse": [
    0.02179860509932041,
    0.018782692030072212,
    0.01799776591360569,
    0.017839163541793823,
    0.017405640333890915,
    0.017064372077584267,
    0.017137056216597557,
    0.017109466716647148,
    0.017455603927373886,
    0.01675323210656643,
    0.016282740980386734,
    0.018349993973970413,
    0.01835925132036209,
    0.01899290271103382,
    0.017986144870519638
  ]
}