{
  "loss": [
    0.04280239716172218,
    0.03996768593788147,
    0.031279634684324265,
    0.029520850628614426,
    0.022029245272278786,
    0.018785621970891953,
    0.014262920245528221,
    0.011461474932730198,
    0.01025264710187912,
    0.009471648372709751,
    0.009740841574966908,
    0.014209121465682983,
    0.021457727998495102,
    0.014519259333610535,
    0.015427574515342712,
    0.012306035496294498,
    0.020473573356866837,
    0.016103772446513176,
    0.013608749024569988,
    0.012741077691316605,
    0.011155923828482628,
    0.009574647061526775,
    0.009854760952293873,
    0.010878534987568855,
    0.008718560449779034,
    0.0084541579708457,
    0.009053073823451996,
    0.009860927239060402,
    0.009881806559860706,
    0.007360713090747595,
    0.007301887962967157,
    0.009868919849395752,
    0.01051332801580429,
    0.007694151718169451,
    0.006518116686493158,
    0.006119758356362581,
    0.00610263179987669,
    0.00745650427415967,
    0.007381437346339226,
    0.006206801161170006,
    0.005469905212521553,
    0.00563070410862565,
    0.005960811395198107,
    0.005749981850385666,
    0.005761705804616213,
    0.005355768837034702,
    0.005175179801881313,
    0.005368905141949654,
    0.006035687867552042,
    0.005316926632076502,
    0.005812106188386679,
    0.005275755189359188,
    0.0052625020034611225,
    0.004685926251113415,
    0.004509919323027134,
    0.005167968105524778,
    0.006289507728070021,
    0.005127814132720232,
    0.004282917361706495,
    0.004361044615507126,
    0.004612314980477095,
    0.005251309834420681,
    0.0047501251101493835,
    0.004600434564054012,
    0.0043634106405079365,
    0.0067917946726083755,
    0.005718432366847992,
    0.004673302173614502,
    0.004520947113633156,
    0.00447502639144659,
    0.005140136461704969,
    0.004275856073945761,
    0.0044455318711698055,
    0.0049561867490410805,
    0.005050515290349722,
    0.004366931971162558,
    0.003972373902797699,
    0.004250188823789358,
    0.005910879001021385,
    0.00471732160076499,
    0.00460401875898242,
    0.004413966089487076,
    0.00455178739503026,
    0.006115928292274475,
    0.004450153559446335,
    0.004351346753537655,
    0.004423254169523716
  ],
  "mae": [
    0.18940134346485138,
    0.21596300601959229,
    0.1945757418870926,
    0.19333480298519135,
    0.1640387624502182,
    0.1518443524837494,
    0.13082361221313477,
    0.1158367246389389,
    0.10918106883764267,
    0.10189395397901535,
    0.10244850814342499,
    0.12798663973808289,
    0.13493800163269043,
    0.1251053512096405,
    0.11889848858118057,
    0.11373171955347061,
    0.1458495706319809,
    0.12932077050209045,
    0.11918312311172485,
    0.11555048078298569,
    0.10719037055969238,
    0.09949757158756256,
    0.0999404713511467,
    0.10533299297094345,
    0.09523017704486847,
    0.09309574216604233,
    0.09642775356769562,
    0.10008107125759125,
    0.09773150831460953,
    0.08724843710660934,
    0.08504238724708557,
    0.10073038935661316,
    0.10323581099510193,
    0.08911843597888947,
    0.0818248987197876,
    0.07794319093227386,
    0.07673513144254684,
    0.08394119888544083,
    0.08183088153600693,
    0.0775451734662056,
    0.07167414575815201,
    0.07179931551218033,
    0.07374550402164459,
    0.07163019478321075,
    0.0721592977643013,
    0.0688575729727745,
    0.06937382370233536,
    0.06861589848995209,
    0.07379575818777084,
    0.06785134226083755,
    0.07164154201745987,
    0.06748112291097641,
    0.06792861968278885,
    0.06310037523508072,
    0.06154332682490349,
    0.06532540172338486,
    0.07236289232969284,
    0.0653536468744278,
    0.05963122099637985,
    0.05944715440273285,
    0.06042516604065895,
    0.06520463526248932,
    0.061613257974386215,
    0.060822825878858566,
    0.060093894600868225,
    0.0750284418463707,
    0.06895080953836441,
    0.061194807291030884,
    0.06008407473564148,
    0.06060604378581047,
    0.06465856730937958,
    0.058365318924188614,
    0.05918021872639656,
    0.06271559000015259,
    0.06306295096874237,
    0.05879800394177437,
    0.05533221736550331,
    0.05833319574594498,
    0.06914227455854416,
    0.06112316995859146,
    0.059795793145895004,
    0.05833996832370758,
    0.059805963188409805,
    0.07041211426258087,
    0.05930973216891289,
    0.058196377009153366,
    0.0586075596511364
  ],
  "mse": [
    0.08560479432344437,
    0.07993537187576294,
    0.06255926936864853,
    0.05904170125722885,
    0.04405849054455757,
    0.037571243941783905,
    0.028525840491056442,
    0.022922949865460396,
    0.02050529420375824,
    0.018943296745419502,
    0.019481683149933815,
    0.028418242931365967,
    0.042915455996990204,
    0.02903851866722107,
    0.030855149030685425,
    0.024612070992588997,
    0.04094714671373367,
    0.03220754489302635,
    0.027217498049139977,
    0.02548215538263321,
    0.022311847656965256,
    0.01914929412305355,
    0.019709521904587746,
    0.02175706997513771,
    0.017437120899558067,
    0.0169083159416914,
    0.01810614764690399,
    0.019721854478120804,
    0.019763613119721413,
    0.01472142618149519,
    0.014603775925934315,
    0.019737839698791504,
    0.02102665603160858,
    0.015388303436338902,
    0.013036233372986317,
    0.012239516712725163,
    0.01220526359975338,
    0.01491300854831934,
    0.014762958511710167,
    0.012413602322340012,
    0.010939810425043106,
    0.0112614082172513,
    0.011921622790396214,
    0.011499963700771332,
    0.011523411609232426,
    0.010711537674069405,
    0.010350359603762627,
    0.010737810283899307,
    0.012071375735104084,
    0.010633856989443302,
    0.011624212376773357,
    0.010551510378718376,
    0.010525004006922245,
    0.00937185250222683,
    0.009019838646054268,
    0.010335936211049557,
    0.012579015456140041,
    0.010255628265440464,
    0.00856583472341299,
    0.008722089231014252,
    0.00922462996095419,
    0.010502619668841362,
    0.009500250220298767,
    0.009200869128108025,
    0.008726821281015873,
    0.013583589345216751,
    0.011436864733695984,
    0.009346604347229004,
    0.009041894227266312,
    0.00895005278289318,
    0.010280272923409939,
    0.008551712147891521,
    0.008891063742339611,
    0.009912373498082161,
    0.010101030580699444,
    0.008733863942325115,
    0.007944747805595398,
    0.008500377647578716,
    0.01182175800204277,
    0.00943464320152998,
    0.00920803751796484,
    0.008827932178974152,
    0.00910357479006052,
    0.01223185658454895,
    0.00890030711889267,
    0.00870269350707531,
    0.008846508339047432
  ],